"STATION","DATE","LATITUDE","LONGITUDE","ELEVATION","NAME","TEMP","TEMP_ATTRIBUTES","DEWP","DEWP_ATTRIBUTES","SLP","SLP_ATTRIBUTES","STP","STP_ATTRIBUTES","VISIB","VISIB_ATTRIBUTES","WDSP","WDSP_ATTRIBUTES","MXSPD","GUST","MAX","MAX_ATTRIBUTES","MIN","MIN_ATTRIBUTES","PRCP","PRCP_ATTRIBUTES","SNDP","FRSHTT"
"72483999999","2003-01-01","38.683","-121.583","8.0","SACRAMENTO INTERNATIONAL, CA US","  44.8","24","  42.0","24","1025.7","21","999.9"," 0","  7.4","24","  4.7","24","  9.9","999.9","  57.0"," ","  36.0"," "," 0.00","I","999.9","100000"
"72483999999","2003-01-02","38.683","-121.583","8.0","SACRAMENTO INTERNATIONAL, CA US","  47.2","23","  44.4","23","1024.6","22","999.9"," 0","  7.3","23","  2.9","23","  6.0","999.9","  54.0"," ","  36.0"," "," 0.00","I","999.9","000000"
"72483999999","2003-01-03","38.683","-121.583","8.0","SACRAMENTO INTERNATIONAL, CA US","  47.0","24","  43.9","24","1023.3","24","999.9"," 0","  8.5","24","  5.5","24","  9.9","999.9","  57.2","*","  39.2","*"," 0.01","G","999.9","000000"
"72483999999","2003-01-04","38.683","-121.583","8.0","SACRAMENTO INTERNATIONAL, CA US","  48.9","24","  46.2","24","1023.1","23","999.9"," 0","  5.1","24","  2.6","24","  7.0","999.9","  57.9"," ","  39.9"," "," 0.00","G","999.9","000000"
"72483999999","2003-01-05","38.683","-121.583","8.0","SACRAMENTO INTERNATIONAL, CA US","  51.7","24","  47.4","24","1024.8","24","999.9"," 0","  6.2","24","  8.3","24"," 15.9","999.9","  64.4","*","  42.8","*"," 0.01","G","999.9","100000"
"72483999999","2003-01-06","38.683","-121.583","8.0","SACRAMENTO INTERNATIONAL, CA US","  50.1","24","  43.2","24","1020.0","20","999.9"," 0","  5.1","24","  7.8","24"," 18.1","999.9","  64.0"," ","  39.0"," "," 0.00","G","999.9","100000"
"72483999999","2003-01-07","38.683","-121.583","8.0","SACRAMENTO INTERNATIONAL, CA US","  44.7","24","  43.4","24","1021.6","22","999.9"," 0","  1.8","24","  4.7","24"," 11.1","999.9","  57.9"," ","  37.0"," "," 0.00","I","999.9","100000"
"72483999999","2003-01-08","38.683","-121.583","8.0","SACRAMENTO INTERNATIONAL, CA US","  44.7","21","  43.2","21","1018.1","18","999.9"," 0","  2.2","21","  5.1","21","  8.9","999.9","  54.0"," ","  37.0"," "," 0.00","I","999.9","100000"
"72483999999","2003-01-09","38.683","-121.583","8.0","SACRAMENTO INTERNATIONAL, CA US","  45.0","24","  43.6","24","1017.4","22","999.9"," 0","  2.5","24","  1.8","24","  4.1","999.9","  48.2","*","  42.8","*"," 0.05","B","999.9","110000"
"72483999999","2003-01-10","38.683","-121.583","8.0","SACRAMENTO INTERNATIONAL, CA US","  49.0","24","  48.1","24","1016.6","21","999.9"," 0","  4.7","24","  6.6","24"," 19.0"," 22.9","  57.2","*","  46.4","*"," 0.66","G","999.9","010000"
"72483999999","2003-01-11","38.683","-121.583","8.0","SACRAMENTO INTERNATIONAL, CA US","  52.9","24","  50.6","24","1020.0","23","999.9"," 0","  6.8","24","  7.2","24"," 15.9"," 20.0","  57.0"," ","  46.9"," "," 0.09","G","999.9","010000"
"72483999999","2003-01-12","38.683","-121.583","8.0","SACRAMENTO INTERNATIONAL, CA US","  51.6","24","  50.0","24","1022.0","22","999.9"," 0","  3.0","24","  4.1","24","  9.9","999.9","  57.2","*","  48.2","*"," 0.01","G","999.9","100000"
"72483999999","2003-01-13","38.683","-121.583","8.0","SACRAMENTO INTERNATIONAL, CA US","  56.1","24","  53.1","24","1024.7","23","999.9"," 0","  4.7","24","  5.3","24","  8.9","999.9","  62.6","*","  53.6","*"," 0.30","G","999.9","010000"
"72483999999","2003-01-14","38.683","-121.583","8.0","SACRAMENTO INTERNATIONAL, CA US","  54.4","24","  52.6","24","1023.1","20","999.9"," 0","  3.9","24","  5.7","24","  8.0","999.9","  62.1"," ","  50.0"," "," 0.00","G","999.9","110000"
"72483999999","2003-01-15","38.683","-121.583","8.0","SACRAMENTO INTERNATIONAL, CA US","  52.4","24","  48.9","24","1025.1","21","999.9"," 0","  6.6","24","  6.1","24"," 13.0","999.9","  61.0"," ","  46.0"," "," 0.00","I","999.9","100000"
"72483999999","2003-01-16","38.683","-121.583","8.0","SACRAMENTO INTERNATIONAL, CA US","  46.3","24","  43.5","24","1025.8","21","999.9"," 0","  5.2","24","  1.6","24","  6.0","999.9","  60.8","*","  37.4","*"," 0.00","I","999.9","100000"
"72483999999","2003-01-17","38.683","-121.583","8.0","SACRAMENTO INTERNATIONAL, CA US","  47.1","10","  43.9","10","1023.5"," 9","999.9"," 0","  6.3","10","  1.0","10","  6.0","999.9","  57.2","*","  39.2","*"," 0.01","G","999.9","000000"
"72483999999","2003-01-19","38.683","-121.583","8.0","SACRAMENTO INTERNATIONAL, CA US","  44.8","16","  43.8","16","1022.0","14","999.9"," 0","  2.7","16","  3.2","16","  6.0","999.9","  46.4","*","  44.6","*"," 0.01","G","999.9","000000"
"72483999999","2003-01-20","38.683","-121.583","8.0","SACRAMENTO INTERNATIONAL, CA US","  43.6","17","  42.2","17","1022.1","17","999.9"," 0","  3.5","17","  1.9","17","  5.1","999.9","  45.0"," ","  42.1"," "," 0.00","G","999.9","000000"
"72483999999","2003-01-21","38.683","-121.583","8.0","SACRAMENTO INTERNATIONAL, CA US","  45.8","22","  43.9","22","1022.7","20","999.9"," 0","  4.4","22","  4.6","22","  8.9","999.9","  50.0"," ","  42.1"," "," 0.09","G","999.9","010000"
"72483999999","2003-01-22","38.683","-121.583","8.0","SACRAMENTO INTERNATIONAL, CA US","  49.6","23","  47.7","23","1024.0","17","999.9"," 0","  4.6","23","  5.2","23","  8.0","999.9","  54.0"," ","  44.1"," "," 0.23","G","999.9","010000"
"72483999999","2003-01-23","38.683","-121.583","8.0","SACRAMENTO INTERNATIONAL, CA US","  54.1","22","  53.3","22","1024.8","15","999.9"," 0","  2.5","22","  5.7","22"," 11.1","999.9","  57.2","*","  53.6","*"," 0.22","G","999.9","010000"
"72483999999","2003-01-24","38.683","-121.583","8.0","SACRAMENTO INTERNATIONAL, CA US","  53.7","19","  52.1","19","1024.7","16","999.9"," 0","  5.2","19","  4.5","19","  7.0","999.9","  57.9"," ","  48.0"," "," 0.10","G","999.9","000000"
"72483999999","2003-01-25","38.683","-121.583","8.0","SACRAMENTO INTERNATIONAL, CA US","  55.6","24","  52.9","24","1025.8","23","999.9"," 0","  8.9","24","  6.0","24"," 15.0","999.9","  62.6","*","  51.8","*"," 0.00","G","999.9","000000"
"72483999999","2003-01-26","38.683","-121.583","8.0","SACRAMENTO INTERNATIONAL, CA US","  55.2","24","  53.0","24","1025.1","23","999.9"," 0","  6.5","24","  3.9","24","  7.0","999.9","  62.1"," ","  52.0"," "," 0.00","I","999.9","000000"
"72483999999","2003-01-27","38.683","-121.583","8.0","SACRAMENTO INTERNATIONAL, CA US","  54.9","23","  53.1","23","1020.4","18","999.9"," 0","  3.2","23","  3.9","23","  8.9","999.9","  60.8","*","  51.8","*"," 0.01","G","999.9","010000"
"72483999999","2003-01-28","38.683","-121.583","8.0","SACRAMENTO INTERNATIONAL, CA US","  53.0","19","  50.0","19","1020.0","14","999.9"," 0","  5.2","19","  4.8","19","  8.0","999.9","  61.0"," ","  44.1"," "," 0.02","G","999.9","000000"
"72483999999","2003-01-29","38.683","-121.583","8.0","SACRAMENTO INTERNATIONAL, CA US","  49.8","23","  48.3","23","1023.8","21","999.9"," 0","  4.3","23","  3.7","23","  8.0","999.9","  61.0"," ","  43.0"," "," 0.00","G","999.9","100000"
"72483999999","2003-01-30","38.683","-121.583","8.0","SACRAMENTO INTERNATIONAL, CA US","  52.2"," 8","  50.7"," 8","1026.0"," 7","999.9"," 0","  3.2"," 8","  3.7"," 8","  7.0","999.9","  55.0"," ","  48.9"," "," 0.00","I","999.9","000000"
"72483999999","2003-01-31","38.683","-121.583","8.0","SACRAMENTO INTERNATIONAL, CA US","  51.7","15","  50.1","15","1023.5","13","999.9"," 0","  3.0","15","  3.8","15","  8.9","999.9","  55.4","*","  48.2","*"," 0.01","G","999.9","000000"
"72483999999","2003-02-01","38.683","-121.583","8.0","SACRAMENTO INTERNATIONAL, CA US","  55.8","10","  50.4","10","1015.8"," 7","999.9"," 0","  5.9","10","  7.1","10"," 11.1","999.9","  60.8","*","  50.0","*"," 0.00","G","999.9","000000"
"72483999999","2003-02-02","38.683","-121.583","8.0","SACRAMENTO INTERNATIONAL, CA US","  49.5","24","  38.6","24","1020.1","24","999.9"," 0"," 10.0","24"," 12.4","24"," 20.0"," 25.1","  60.8","*","  39.2","*"," 0.01","G","999.9","000000"
"72483999999","2003-02-03","38.683","-121.583","8.0","SACRAMENTO INTERNATIONAL, CA US","  46.6","24","  38.0","24","1021.4","24","999.9"," 0","  9.0","24","  4.9","24"," 14.0","999.9","  60.1"," ","  32.0"," "," 0.00","G","999.9","100000"
"72483999999","2003-02-04","38.683","-121.583","8.0","SACRAMENTO INTERNATIONAL, CA US","  46.2","24","  37.6","24","1020.0","22","999.9"," 0","  8.4","24","  6.3","24"," 21.0"," 26.0","  61.0"," ","  32.0"," "," 0.00","I","999.9","000000"
"72483999999","2003-02-05","38.683","-121.583","8.0","SACRAMENTO INTERNATIONAL, CA US","  48.2","24","  28.5","24","1017.7","24","999.9"," 0"," 10.0","24"," 13.6","24"," 23.9"," 28.9","  61.0"," ","  35.1"," "," 0.00","I","999.9","000000"
"72483999999","2003-02-06","38.683","-121.583","8.0","SACRAMENTO INTERNATIONAL, CA US","  44.0","24","  33.4","24","1017.8","24","999.9"," 0"," 10.0","24","  5.2","24"," 11.1","999.9","  59.0"," ","  30.9"," "," 0.00","I","999.9","000000"
"72483999999","2003-02-07","38.683","-121.583","8.0","SACRAMENTO INTERNATIONAL, CA US","  46.8","23","  30.4","23","1017.4","23","999.9"," 0"," 10.0","23"," 13.6","23"," 22.0"," 27.0","  59.0"," ","  30.9"," "," 0.00","I","999.9","000000"
"72483999999","2003-02-08","38.683","-121.583","8.0","SACRAMENTO INTERNATIONAL, CA US","  42.2","24","  28.4","24","1018.0","24","999.9"," 0"," 10.0","24","  6.1","24","  9.9","999.9","  57.9"," ","  30.0"," "," 0.00","I","999.9","000000"
"72483999999","2003-02-09","38.683","-121.583","8.0","SACRAMENTO INTERNATIONAL, CA US","  42.8","24","  30.6","24","1021.5","24","999.9"," 0","  9.4","24","  3.4","24","  6.0","999.9","  59.0"," ","  28.0"," "," 0.00","I","999.9","000000"
"72483999999","2003-02-10","38.683","-121.583","8.0","SACRAMENTO INTERNATIONAL, CA US","  45.0","24","  35.1","24","1020.8","24","999.9"," 0","  9.5","24","  5.1","24","  9.9","999.9","  61.0"," ","  28.0"," "," 0.00","I","999.9","000000"
"72483999999","2003-02-11","38.683","-121.583","8.0","SACRAMENTO INTERNATIONAL, CA US","  46.9","24","  40.6","24","1013.9","24","999.9"," 0","  8.5","24","  4.2","24","  7.0","999.9","  61.0"," ","  32.0"," "," 0.00","I","999.9","000000"
"72483999999","2003-02-12","38.683","-121.583","8.0","SACRAMENTO INTERNATIONAL, CA US","  46.9","23","  43.7","23","1011.0","23","999.9"," 0","  7.1","23","  5.5","23","  8.9","999.9","  60.1"," ","  39.0"," "," 0.11","C","999.9","010000"
"72483999999","2003-02-13","38.683","-121.583","8.0","SACRAMENTO INTERNATIONAL, CA US","  51.3","24","  49.9","24","1008.3","21","999.9"," 0","  4.3","24","  3.9","24","  8.0","999.9","  61.0"," ","  42.1"," "," 0.48","G","999.9","010000"
"72483999999","2003-02-14","38.683","-121.583","8.0","SACRAMENTO INTERNATIONAL, CA US","  53.1","24","  51.2","24","1013.8","18","999.9"," 0","  6.0","24","  3.7","24","  7.0","999.9","  59.0","*","  46.4","*"," 0.00","G","999.9","100000"
"72483999999","2003-02-15","38.683","-121.583","8.0","SACRAMENTO INTERNATIONAL, CA US","  53.4","24","  49.2","24","1016.6","23","999.9"," 0","  9.1","24","  7.1","24","  8.9","999.9","  60.1"," ","  46.9"," "," 0.00","I","999.9","000000"
"72483999999","2003-02-16","38.683","-121.583","8.0","SACRAMENTO INTERNATIONAL, CA US","  52.6","20","  49.2","20","1016.0","20","999.9"," 0","  8.5","20","  9.4","20"," 18.1","999.9","  60.1"," ","  44.1"," "," 0.65","G","999.9","010000"
"72483999999","2003-02-17","38.683","-121.583","8.0","SACRAMENTO INTERNATIONAL, CA US","  48.3","24","  44.2","24","1022.5","23","999.9"," 0","  9.5","24","  4.1","24","  8.9","999.9","  57.2","*","  39.2","*"," 0.01","G","999.9","100000"
"72483999999","2003-02-18","38.683","-121.583","8.0","SACRAMENTO INTERNATIONAL, CA US","  45.6","22","  41.0","22","1023.0","22","999.9"," 0","  8.9","22","  3.0","22","  6.0","999.9","  59.0","*","  33.8","*"," 0.00","G","999.9","100000"
"72483999999","2003-02-19","38.683","-121.583","8.0","SACRAMENTO INTERNATIONAL, CA US","  49.2","24","  43.3","24","1020.2","24","999.9"," 0","  9.8","24","  4.7","24","  9.9","999.9","  59.0"," ","  33.1"," "," 0.10","A","999.9","010000"
"72483999999","2003-02-20","38.683","-121.583","8.0","SACRAMENTO INTERNATIONAL, CA US","  50.4","24","  42.7","24","1018.5","24","999.9"," 0","  9.8","24","  8.8","24"," 16.9","999.9","  64.9"," ","  42.1"," "," 0.08","A","999.9","000000"
"72483999999","2003-02-21","38.683","-121.583","8.0","SACRAMENTO INTERNATIONAL, CA US","  49.3","20","  43.0","20","1021.7","20","999.9"," 0","  7.0","20","  4.1","20"," 11.1","999.9","  64.9"," ","  33.1"," "," 0.00","I","999.9","000000"
"72483999999","2003-02-22","38.683","-121.583","8.0","SACRAMENTO INTERNATIONAL, CA US","  49.5","21","  44.2","21","1018.8","20","999.9"," 0","  7.7","21","  4.4","21"," 13.0","999.9","  64.9"," ","  33.1"," "," 0.00","I","999.9","000000"
"72483999999","2003-02-23","38.683","-121.583","8.0","SACRAMENTO INTERNATIONAL, CA US","  50.2","22","  41.2","22","1011.5","22","999.9"," 0","  9.5","22","  3.7","22","  9.9","999.9","  64.9"," ","  35.1"," "," 0.00","I","999.9","000000"
"72483999999","2003-02-24","38.683","-121.583","8.0","SACRAMENTO INTERNATIONAL, CA US","  53.8","22","  47.0","22","1006.2","21","999.9"," 0","  8.5","22","  6.0","22","  8.9","999.9","  63.0"," ","  35.1"," "," 0.00","H","999.9","010000"
"72483999999","2003-02-25","38.683","-121.583","8.0","SACRAMENTO INTERNATIONAL, CA US","  52.0","24","  46.2","24","1007.8","22","999.9"," 0","  6.6","24","  5.9","24"," 11.1","999.9","  61.0"," ","  42.1"," "," 0.02","C","999.9","010000"
"72483999999","2003-02-26","38.683","-121.583","8.0","SACRAMENTO INTERNATIONAL, CA US","  45.9","24","  38.7","24","1010.2","23","999.9"," 0","  9.4","24","  6.6","24"," 19.0"," 23.9","  61.0"," ","  30.9"," "," 0.00","I","999.9","100000"
"72483999999","2003-02-27","38.683","-121.583","8.0","SACRAMENTO INTERNATIONAL, CA US","  48.0","24","  42.1","24","1012.6","24","999.9"," 0","  9.1","24","  5.0","24"," 13.0","999.9","  60.1"," ","  30.9"," "," 0.00","I","999.9","100000"
"72483999999","2003-02-28","38.683","-121.583","8.0","SACRAMENTO INTERNATIONAL, CA US","  47.2","23","  38.1","23","1016.0","23","999.9"," 0","  9.2","23","  5.1","23","  9.9","999.9","  59.0"," ","  34.0"," "," 0.00","I","999.9","000000"
"72483999999","2003-03-01","38.683","-121.583","8.0","SACRAMENTO INTERNATIONAL, CA US","  51.2","20","  43.6","20","1016.4","20","999.9"," 0","  9.6","20","  7.5","20"," 12.0","999.9","  62.6","*","  39.2","*"," 0.00","I","999.9","000000"
"72483999999","2003-03-02","38.683","-121.583","8.0","SACRAMENTO INTERNATIONAL, CA US","  49.0","24","  40.5","24","1018.8","24","999.9"," 0"," 10.0","24","  6.5","24"," 12.0","999.9","  63.0"," ","  35.1"," "," 0.00","I","999.9","000000"
"72483999999","2003-03-03","38.683","-121.583","8.0","SACRAMENTO INTERNATIONAL, CA US","  50.8","24","  42.3","24","1015.8","22","999.9"," 0"," 10.0","24","  7.4","24"," 12.0","999.9","  62.1"," ","  35.1"," "," 0.00","I","999.9","000000"
"72483999999","2003-03-04","38.683","-121.583","8.0","SACRAMENTO INTERNATIONAL, CA US","  48.1","24","  41.1","24","1010.3","24","999.9"," 0","  9.9","24","  4.1","24","  7.0","999.9","  61.0"," ","  37.0"," "," 0.00","I","999.9","000000"
"72483999999","2003-03-05","38.683","-121.583","8.0","SACRAMENTO INTERNATIONAL, CA US","  49.3","22","  40.8","22","1014.5","22","999.9"," 0","  9.1","22","  3.5","22","  8.9","999.9","  63.0"," ","  33.1"," "," 0.00","I","999.9","100000"
"72483999999","2003-03-06","38.683","-121.583","8.0","SACRAMENTO INTERNATIONAL, CA US","  52.5","24","  44.9","24","1017.6","24","999.9"," 0","  9.5","24","  6.1","24","  8.0","999.9","  66.2","*","  42.8","*"," 0.00","I","999.9","000000"
"72483999999","2003-03-07","38.683","-121.583","8.0","SACRAMENTO INTERNATIONAL, CA US","  51.8","24","  42.6","24","1015.6","24","999.9"," 0","  9.5","24","  6.6","24","  9.9","999.9","  66.0"," ","  41.0"," "," 0.00","I","999.9","000000"
"72483999999","2003-03-08","38.683","-121.583","8.0","SACRAMENTO INTERNATIONAL, CA US","  50.2","21","  43.6","21","1017.8","21","999.9"," 0","  8.5","21","  5.1","21","  9.9","999.9","  64.4","*","  37.4","*"," 0.00","I","999.9","100000"
"72483999999","2003-03-09","38.683","-121.583","8.0","SACRAMENTO INTERNATIONAL, CA US","  54.0","24","  46.0","24","1021.0","24","999.9"," 0"," 10.0","24","  7.6","24","  9.9","999.9","  66.9"," ","  36.0"," "," 0.00","I","999.9","000000"
"72483999999","2003-03-10","38.683","-121.583","8.0","SACRAMENTO INTERNATIONAL, CA US","  55.4","24","  49.2","24","1021.0","24","999.9"," 0","  9.0","24","  3.4","24","  8.0","999.9","  69.8","*","  44.6","*"," 0.00","I","999.9","100000"
"72483999999","2003-03-11","38.683","-121.583","8.0","SACRAMENTO INTERNATIONAL, CA US","  57.9","20","  52.0","20","1017.3","17","999.9"," 0","  7.8","20","  1.9","20","  7.0","999.9","  71.6","*","  44.6","*"," 0.00","I","999.9","100000"
"72483999999","2003-03-12","38.683","-121.583","8.0","SACRAMENTO INTERNATIONAL, CA US","  61.1","20","  55.0","20","1014.4","20","999.9"," 0","  9.8","20","  6.1","20"," 11.1","999.9","  71.6","*","  51.8","*"," 0.01","G","999.9","100000"
"72483999999","2003-03-13","38.683","-121.583","8.0","SACRAMENTO INTERNATIONAL, CA US","  59.7","24","  52.3","24","1011.8","24","999.9"," 0","  9.8","24","  9.0","24"," 18.1","999.9","  71.1"," ","  50.0"," "," 0.01","G","999.9","000000"
"72483999999","2003-03-14","38.683","-121.583","8.0","SACRAMENTO INTERNATIONAL, CA US","  60.5","23","  51.6","23","1010.6","23","999.9"," 0","  9.0","23"," 12.6","23"," 16.9"," 23.9","  70.0"," ","  52.0"," "," 0.20","G","999.9","010000"
"72483999999","2003-03-15","38.683","-121.583","8.0","SACRAMENTO INTERNATIONAL, CA US","  58.6","24","  51.4","24","1003.7","23","999.9"," 0","  9.0","24"," 15.6","24"," 29.9"," 39.0","  70.0"," ","  52.0"," "," 0.98","G","999.9","010000"
"72483999999","2003-03-16","38.683","-121.583","8.0","SACRAMENTO INTERNATIONAL, CA US","  51.4","24","  46.9","24","1006.9","24","999.9"," 0","  9.7","24","  6.7","24"," 11.1","999.9","  64.9"," ","  44.1"," "," 0.77","G","999.9","010000"
"72483999999","2003-03-17","38.683","-121.583","8.0","SACRAMENTO INTERNATIONAL, CA US","  50.1","23","  43.0","23","1013.0","21","999.9"," 0","  8.8","23","  7.7","23"," 16.9"," 22.9","  63.0"," ","  37.9"," "," 0.71","G","999.9","110000"
"72483999999","2003-03-18","38.683","-121.583","8.0","SACRAMENTO INTERNATIONAL, CA US","  52.6","19","  39.1","19","1020.2","19","999.9"," 0"," 10.0","19"," 13.8","19"," 19.0"," 26.0","  64.4","*","  42.8","*"," 0.00","G","999.9","000000"
"72483999999","2003-03-19","38.683","-121.583","8.0","SACRAMENTO INTERNATIONAL, CA US","  49.4","15","  40.3","15","1018.9","14","999.9"," 0"," 10.0","15","  5.0","15"," 13.0","999.9","  66.2","*","  37.4","*"," 0.00","I","999.9","000000"
"72483999999","2003-03-20","38.683","-121.583","8.0","SACRAMENTO INTERNATIONAL, CA US","  54.1","23","  48.7","23","1021.0","22","999.9"," 0","  8.5","23","  6.7","23"," 14.0","999.9","  66.0"," ","  36.0"," "," 0.31","G","999.9","010000"
"72483999999","2003-03-21","38.683","-121.583","8.0","SACRAMENTO INTERNATIONAL, CA US","  55.2","23","  47.5","23","1022.2","23","999.9"," 0","  9.4","23","  2.7","23","  7.0","999.9","  70.0"," ","  39.9"," "," 0.00","G","999.9","000000"
"72483999999","2003-03-22","38.683","-121.583","8.0","SACRAMENTO INTERNATIONAL, CA US","  57.3","24","  51.6","24","1020.5","21","999.9"," 0","  9.9","24"," 10.5","24"," 16.9"," 21.0","  70.0"," ","  39.9"," "," 0.01","A","999.9","000000"
"72483999999","2003-03-23","38.683","-121.583","8.0","SACRAMENTO INTERNATIONAL, CA US","  56.7","24","  52.8","24","1018.8","20","999.9"," 0","  8.5","24","  5.0","24","  8.9","999.9","  64.4","*","  53.6","*"," 0.28","G","999.9","010000"
"72483999999","2003-03-24","38.683","-121.583","8.0","SACRAMENTO INTERNATIONAL, CA US","  54.8","23","  48.7","23","1017.9","23","999.9"," 0","  8.3","23","  3.1","23","  8.0","999.9","  68.0"," ","  41.0"," "," 0.03","G","999.9","100000"
"72483999999","2003-03-25","38.683","-121.583","8.0","SACRAMENTO INTERNATIONAL, CA US","  56.5","24","  47.2","24","1022.7","24","999.9"," 0"," 10.0","24","  4.0","24"," 11.1","999.9","  70.0"," ","  41.0"," "," 0.01","G","999.9","000000"
"72483999999","2003-03-26","38.683","-121.583","8.0","SACRAMENTO INTERNATIONAL, CA US","  62.8","21","  54.5","21","1022.1","19","999.9"," 0"," 10.0","21"," 10.5","21"," 16.9"," 19.0","  69.8","*","  57.2","*"," 0.00","G","999.9","010000"
"72483999999","2003-03-27","38.683","-121.583","8.0","SACRAMENTO INTERNATIONAL, CA US","  54.7","24","  40.4","24","1021.4","24","999.9"," 0"," 10.0","24"," 11.5","24"," 22.0"," 28.0","  70.0"," ","  43.0"," "," 0.00","I","999.9","000000"
"72483999999","2003-03-28","38.683","-121.583","8.0","SACRAMENTO INTERNATIONAL, CA US","  58.3","24","  36.2","24","1020.8","24","999.9"," 0"," 10.0","24"," 15.0","24"," 21.0"," 26.0","  72.0"," ","  43.0"," "," 0.00","I","999.9","000000"
"72483999999","2003-03-29","38.683","-121.583","8.0","SACRAMENTO INTERNATIONAL, CA US","  57.7","24","  41.5","24","1024.7","24","999.9"," 0"," 10.0","24","  5.2","24"," 13.0"," 20.0","  75.0"," ","  39.9"," "," 0.00","I","999.9","000000"
"72483999999","2003-03-30","38.683","-121.583","8.0","SACRAMENTO INTERNATIONAL, CA US","  61.4","24","  49.4","24","1025.6","24","999.9"," 0","  9.9","24","  3.0","24","  5.1","999.9","  75.9"," ","  39.9"," "," 0.00","I","999.9","000000"
"72483999999","2003-03-31","38.683","-121.583","8.0","SACRAMENTO INTERNATIONAL, CA US","  63.6","24","  51.1","24","1017.4","24","999.9"," 0"," 10.0","24","  6.7","24"," 13.0","999.9","  75.9"," ","  44.1"," "," 0.00","I","999.9","000000"
"72483999999","2003-04-01","38.683","-121.583","8.0","SACRAMENTO INTERNATIONAL, CA US","  56.4","24","  49.3","24","1009.0","24","999.9"," 0"," 10.0","24"," 12.3","24"," 19.0"," 22.9","  71.6","*","  51.8","*"," 0.03","A","999.9","010000"
"72483999999","2003-04-02","38.683","-121.583","8.0","SACRAMENTO INTERNATIONAL, CA US","  50.7","24","  40.2","24","1010.5","24","999.9"," 0"," 10.0","24"," 11.6","24"," 22.9"," 28.9","  62.1"," ","  44.1"," "," 0.01","A","999.9","000000"
"72483999999","2003-04-03","38.683","-121.583","8.0","SACRAMENTO INTERNATIONAL, CA US","  46.9","24","  38.2","24","1018.6","24","999.9"," 0"," 10.0","24","  9.2","24"," 15.9"," 16.9","  59.0"," ","  37.0"," "," 0.00","I","999.9","000000"
"72483999999","2003-04-04","38.683","-121.583","8.0","SACRAMENTO INTERNATIONAL, CA US","  51.6","24","  41.4","24","1016.7","24","999.9"," 0","  9.5","24"," 11.6","24"," 15.0"," 21.0","  61.0"," ","  37.0"," "," 0.21","G","999.9","010000"
"72483999999","2003-04-05","38.683","-121.583","8.0","SACRAMENTO INTERNATIONAL, CA US","  46.8","24","  38.6","24","1019.0","23","999.9"," 0","  9.2","24","  5.1","24"," 11.1"," 15.9","  61.0"," ","  33.1"," "," 0.01","G","999.9","000000"
"72483999999","2003-04-06","38.683","-121.583","8.0","SACRAMENTO INTERNATIONAL, CA US","  52.2","24","  42.9","24","1021.2","24","999.9"," 0"," 10.0","24","  7.0","24"," 11.1","999.9","  64.4","*","  44.6","*"," 0.00","G","999.9","000000"
"72483999999","2003-04-07","38.683","-121.583","8.0","SACRAMENTO INTERNATIONAL, CA US","  55.0","24","  44.6","24","1021.6","24","999.9"," 0","  9.8","24","  3.2","24","  7.0","999.9","  70.0"," ","  42.1"," "," 0.00","I","999.9","000000"
"72483999999","2003-04-08","38.683","-121.583","8.0","SACRAMENTO INTERNATIONAL, CA US","  59.7","24","  48.7","24","1019.9","24","999.9"," 0","  9.6","24","  3.9","24","  7.0","999.9","  75.9"," ","  42.1"," "," 0.00","I","999.9","000000"
"72483999999","2003-04-09","38.683","-121.583","8.0","SACRAMENTO INTERNATIONAL, CA US","  61.1","24","  48.8","24","1015.8","24","999.9"," 0"," 10.0","24","  4.7","24","  7.0","999.9","  75.9"," ","  44.1"," "," 0.00","I","999.9","000000"
"72483999999","2003-04-10","38.683","-121.583","8.0","SACRAMENTO INTERNATIONAL, CA US","  59.7","24","  51.2","24","1013.6","24","999.9"," 0","  9.8","24","  9.7","24"," 18.1"," 21.0","  75.0"," ","  46.9"," "," 0.00","I","999.9","000000"
"72483999999","2003-04-11","38.683","-121.583","8.0","SACRAMENTO INTERNATIONAL, CA US","  54.8","24","  45.4","24","1016.5","24","999.9"," 0","  9.9","24","  6.1","24","  9.9","999.9","  66.2","*","  42.8","*"," 0.00","I","999.9","000000"
"72483999999","2003-04-12","38.683","-121.583","8.0","SACRAMENTO INTERNATIONAL, CA US","  55.2","22","  49.3","22","1010.5","21","999.9"," 0","  9.0","22"," 12.2","22"," 22.9","999.9","  68.0"," ","  43.0"," "," 0.17","B","999.9","010000"
"72483999999","2003-04-13","38.683","-121.583","8.0","SACRAMENTO INTERNATIONAL, CA US","  53.4","24","  46.8","24","1010.1","23","999.9"," 0","  9.8","24"," 11.5","24"," 19.0"," 25.1","  62.6","*","  48.2","*"," 0.76","G","999.9","010000"
"72483999999","2003-04-14","38.683","-121.583","8.0","SACRAMENTO INTERNATIONAL, CA US","  49.8","23","  41.8","23","1014.7","23","999.9"," 0","  9.8","23","  4.7","23"," 15.9","999.9","  62.6","*","  37.4","*"," 0.24","G","999.9","100000"
"72483999999","2003-04-15","38.683","-121.583","8.0","SACRAMENTO INTERNATIONAL, CA US","  51.0","23","  41.4","23","1015.4","23","999.9"," 0"," 10.0","23","  6.3","23"," 13.0"," 15.9","  62.6","*","  39.2","*"," 0.00","G","999.9","000000"
"72483999999","2003-04-16","38.683","-121.583","8.0","SACRAMENTO INTERNATIONAL, CA US","  55.5","24","  44.6","24","1018.4","24","999.9"," 0"," 10.0","24","  4.0","24","  9.9","999.9","  64.0"," ","  39.0"," "," 0.00","I","999.9","000000"
"72483999999","2003-04-17","38.683","-121.583","8.0","SACRAMENTO INTERNATIONAL, CA US","  56.3","23","  50.4","23","1014.6","22","999.9"," 0","  9.0","23","  3.7","23","  8.0","999.9","  66.0"," ","  48.9"," "," 0.00","B","999.9","000000"
"72483999999","2003-04-18","38.683","-121.583","8.0","SACRAMENTO INTERNATIONAL, CA US","  53.8","24","  44.7","24","1016.5","23","999.9"," 0","  9.8","24","  6.1","24"," 22.9"," 27.0","  68.0","*","  42.8","*"," 0.06","G","999.9","010000"
"72483999999","2003-04-19","38.683","-121.583","8.0","SACRAMENTO INTERNATIONAL, CA US","  56.3","24","  39.4","24","1017.6","24","999.9"," 0"," 10.0","24","  6.0","24"," 11.1","999.9","  72.0"," ","  43.0"," "," 0.00","G","999.9","000000"
"72483999999","2003-04-20","38.683","-121.583","8.0","SACRAMENTO INTERNATIONAL, CA US","  57.0","24","  46.2","24","1016.1","24","999.9"," 0"," 10.0","24","  7.7","24"," 13.0","999.9","  72.0"," ","  43.0"," "," 0.00","I","999.9","000000"
"72483999999","2003-04-21","38.683","-121.583","8.0","SACRAMENTO INTERNATIONAL, CA US","  54.6","23","  46.7","23","1010.6","23","999.9"," 0","  9.7","23"," 10.4","23"," 16.9"," 18.1","  64.0"," ","  50.0"," "," 0.07","A","999.9","010000"
"72483999999","2003-04-22","38.683","-121.583","8.0","SACRAMENTO INTERNATIONAL, CA US","  49.5","24","  43.0","24","1012.8","23","999.9"," 0","  9.9","24","  5.0","24"," 13.0","999.9","  64.0"," ","  37.9"," "," 0.00","I","999.9","000000"
"72483999999","2003-04-23","38.683","-121.583","8.0","SACRAMENTO INTERNATIONAL, CA US","  55.0","23","  45.6","23","1014.9","23","999.9"," 0"," 10.0","23"," 10.8","23"," 15.9"," 21.0","  64.0"," ","  37.9"," "," 0.00","I","999.9","000000"
"72483999999","2003-04-24","38.683","-121.583","8.0","SACRAMENTO INTERNATIONAL, CA US","  53.6","24","  48.1","24","1013.0","22","999.9"," 0","  8.9","24"," 10.2","24"," 18.1","999.9","  62.1"," ","  46.9"," "," 0.11","G","999.9","010000"
"72483999999","2003-04-25","38.683","-121.583","8.0","SACRAMENTO INTERNATIONAL, CA US","  50.2","24","  43.8","24","1014.0","23","999.9"," 0","  9.7","24"," 10.8","24"," 19.0"," 28.0","  60.1"," ","  42.1"," "," 0.24","G","999.9","010000"
"72483999999","2003-04-26","38.683","-121.583","8.0","SACRAMENTO INTERNATIONAL, CA US","  51.1","24","  42.7","24","1017.0","24","999.9"," 0"," 10.0","24","  5.7","24"," 15.9"," 21.0","  62.1"," ","  39.0"," "," 0.21","G","999.9","000000"
"72483999999","2003-04-27","38.683","-121.583","8.0","SACRAMENTO INTERNATIONAL, CA US","  54.9","24","  42.9","24","1014.2","24","999.9"," 0"," 10.0","24","  6.4","24"," 13.0"," 19.0","  68.0"," ","  39.0"," "," 0.01","G","999.9","000000"
"72483999999","2003-04-28","38.683","-121.583","8.0","SACRAMENTO INTERNATIONAL, CA US","  54.2","24","  47.4","24","1011.5","20","999.9"," 0","  9.5","24"," 13.1","24"," 22.9"," 28.0","  68.0"," ","  39.9"," "," 0.40","G","999.9","010000"
"72483999999","2003-04-29","38.683","-121.583","8.0","SACRAMENTO INTERNATIONAL, CA US","  52.5","23","  47.1","23","1015.7","22","999.9"," 0"," 10.0","23"," 10.1","23"," 15.9"," 22.0","  62.1"," ","  46.9"," "," 0.28","G","999.9","010000"
"72483999999","2003-04-30","38.683","-121.583","8.0","SACRAMENTO INTERNATIONAL, CA US","  52.2","24","  45.7","24","1018.1","23","999.9"," 0","  9.8","24","  5.1","24","  8.0","999.9","  68.0"," ","  41.0"," "," 0.18","G","999.9","000000"
"72483999999","2003-05-01","38.683","-121.583","8.0","SACRAMENTO INTERNATIONAL, CA US","  57.4","22","  46.9","22","1014.7","22","999.9"," 0"," 10.0","22","  3.5","22","  6.0","999.9","  70.0"," ","  45.0"," "," 0.00","G","999.9","000000"
"72483999999","2003-05-02","38.683","-121.583","8.0","SACRAMENTO INTERNATIONAL, CA US","  59.2","24","  51.4","24","1010.7","24","999.9"," 0"," 10.0","24","  5.1","24"," 18.1"," 25.1","  70.0"," ","  45.0"," "," 0.06","B","999.9","010000"
"72483999999","2003-05-03","38.683","-121.583","8.0","SACRAMENTO INTERNATIONAL, CA US","  57.2","24","  54.9","24","1008.1","22","999.9"," 0","  7.0","24","  7.3","24"," 15.0","999.9","  64.4","*","  53.6","*"," 0.45","G","999.9","010000"
"72483999999","2003-05-04","38.683","-121.583","8.0","SACRAMENTO INTERNATIONAL, CA US","  57.3","24","  50.1","24","1015.6","24","999.9"," 0"," 10.0","24","  8.1","24"," 12.0","999.9","  66.9"," ","  48.0"," "," 0.23","G","999.9","010000"
"72483999999","2003-05-05","38.683","-121.583","8.0","SACRAMENTO INTERNATIONAL, CA US","  56.5","24","  49.2","24","1018.0","21","999.9"," 0","  9.9","24","  4.4","24","  9.9","999.9","  69.8","*","  46.4","*"," 0.01","G","999.9","000000"
"72483999999","2003-05-06","38.683","-121.583","8.0","SACRAMENTO INTERNATIONAL, CA US","  57.2","24","  47.4","24","1013.1","24","999.9"," 0"," 10.0","24","  8.5","24"," 11.1","999.9","  70.0"," ","  46.9"," "," 0.00","G","999.9","000000"
"72483999999","2003-05-07","38.683","-121.583","8.0","SACRAMENTO INTERNATIONAL, CA US","  57.5","24","  48.9","24","1012.1","24","999.9"," 0","  9.8","24","  7.3","24"," 11.1"," 16.9","  69.1"," ","  48.0"," "," 0.02","A","999.9","010000"
"72483999999","2003-05-08","38.683","-121.583","8.0","SACRAMENTO INTERNATIONAL, CA US","  56.1","24","  44.0","24","1012.0","24","999.9"," 0"," 10.0","24","  9.7","24"," 20.0"," 27.0","  69.1"," ","  50.0"," "," 0.06","G","999.9","000000"
"72483999999","2003-05-09","38.683","-121.583","8.0","SACRAMENTO INTERNATIONAL, CA US","  50.5","24","  44.1","24","1018.0","21","999.9"," 0","  9.1","24","  3.9","24"," 22.0"," 28.9","  66.0"," ","  37.9"," "," 0.18","G","999.9","010100"
"72483999999","2003-05-10","38.683","-121.583","8.0","SACRAMENTO INTERNATIONAL, CA US","  60.5","17","  46.7","17","1018.8","17","999.9"," 0"," 10.0","17","  3.4","17","  8.9","999.9","  72.0"," ","  41.0"," "," 0.00","G","999.9","000000"
"72483999999","2003-05-11","38.683","-121.583","8.0","SACRAMENTO INTERNATIONAL, CA US","  60.4","24","  46.7","24","1017.0","24","999.9"," 0","  9.7","24","  6.0","24","  9.9","999.9","  75.0"," ","  41.0"," "," 0.00","I","999.9","000000"
"72483999999","2003-05-12","38.683","-121.583","8.0","SACRAMENTO INTERNATIONAL, CA US","  62.6","23","  45.1","23","1014.9","23","999.9"," 0"," 10.0","23","  4.8","23","  9.9","999.9","  80.6","*","  46.4","*"," 0.00","I","999.9","000000"
"72483999999","2003-05-13","38.683","-121.583","8.0","SACRAMENTO INTERNATIONAL, CA US","  67.6","24","  51.4","24","1012.5","24","999.9"," 0","  9.8","24","  3.1","24","  8.0","999.9","  84.9"," ","  45.0"," "," 0.00","I","999.9","000000"
"72483999999","2003-05-14","38.683","-121.583","8.0","SACRAMENTO INTERNATIONAL, CA US","  67.5","21","  55.9","21","1010.5","21","999.9"," 0","  9.8","21","  7.0","21"," 15.9","999.9","  82.4","*","  51.8","*"," 0.00","I","999.9","000000"
"72483999999","2003-05-15","38.683","-121.583","8.0","SACRAMENTO INTERNATIONAL, CA US","  61.9","23","  52.0","23","1013.9","23","999.9"," 0"," 10.0","23"," 13.0","23"," 18.1"," 20.0","  75.2","*","  51.8","*"," 0.00","I","999.9","000000"
"72483999999","2003-05-16","38.683","-121.583","8.0","SACRAMENTO INTERNATIONAL, CA US","  62.4","23","  49.1","23","1016.9","23","999.9"," 0","  9.3","23","  7.4","23"," 13.0"," 15.9","  81.0"," ","  46.0"," "," 0.00","I","999.9","000000"
"72483999999","2003-05-17","38.683","-121.583","8.0","SACRAMENTO INTERNATIONAL, CA US","  64.6","22","  43.6","22","1014.4","22","999.9"," 0"," 10.0","22","  8.9","22"," 18.1"," 22.0","  82.0"," ","  46.0"," "," 0.00","I","999.9","000000"
"72483999999","2003-05-18","38.683","-121.583","8.0","SACRAMENTO INTERNATIONAL, CA US","  63.1","22","  34.8","22","1016.8","22","999.9"," 0"," 10.0","22"," 12.6","22"," 22.0"," 29.9","  79.0"," ","  48.9"," "," 0.00","I","999.9","000000"
"72483999999","2003-05-19","38.683","-121.583","8.0","SACRAMENTO INTERNATIONAL, CA US","  66.3","24","  37.3","24","1017.5","24","999.9"," 0"," 10.0","24","  9.2","24"," 13.0","999.9","  84.2","*","  46.4","*"," 0.00","I","999.9","000000"
"72483999999","2003-05-20","38.683","-121.583","8.0","SACRAMENTO INTERNATIONAL, CA US","  70.3","24","  48.1","24","1016.5","24","999.9"," 0"," 10.0","24","  4.8","24","  9.9"," 14.0","  90.0"," ","  46.9"," "," 0.00","I","999.9","000000"
"72483999999","2003-05-21","38.683","-121.583","8.0","SACRAMENTO INTERNATIONAL, CA US","  74.1","24","  53.3","24","1014.0","24","999.9"," 0"," 10.0","24","  3.1","24","  6.0","999.9","  93.2","*","  55.4","*"," 0.00","I","999.9","000000"
"72483999999","2003-05-22","38.683","-121.583","8.0","SACRAMENTO INTERNATIONAL, CA US","  76.2","24","  57.3","24","1011.7","24","999.9"," 0"," 10.0","24","  4.2","24","  8.0","999.9","  93.9"," ","  54.0"," "," 0.00","I","999.9","000000"
"72483999999","2003-05-23","38.683","-121.583","8.0","SACRAMENTO INTERNATIONAL, CA US","  77.5","22","  62.2","22","1009.7","22","999.9"," 0","  9.8","22","  5.6","22"," 12.0","999.9","  95.0"," ","  57.9"," "," 0.00","I","999.9","000000"
"72483999999","2003-05-24","38.683","-121.583","8.0","SACRAMENTO INTERNATIONAL, CA US","  68.2","23","  56.5","23","1008.6","23","999.9"," 0"," 10.0","23"," 12.2","23"," 14.0","999.9","  95.0"," ","  54.0"," "," 0.00","I","999.9","000000"
"72483999999","2003-05-25","38.683","-121.583","8.0","SACRAMENTO INTERNATIONAL, CA US","  64.6","24","  55.6","24","1010.5","24","999.9"," 0"," 10.0","24"," 10.3","24"," 14.0"," 18.1","  81.0"," ","  54.0"," "," 0.00","I","999.9","000000"
"72483999999","2003-05-26","38.683","-121.583","8.0","SACRAMENTO INTERNATIONAL, CA US","  65.5","24","  52.4","24","1015.2","24","999.9"," 0"," 10.0","24","  8.2","24"," 15.0","999.9","  82.9"," ","  53.1"," "," 0.00","I","999.9","000000"
"72483999999","2003-05-27","38.683","-121.583","8.0","SACRAMENTO INTERNATIONAL, CA US","  73.2","24","  53.8","24","1014.5","24","999.9"," 0","  9.8","24","  3.8","24","  7.0","999.9","  93.9"," ","  53.1"," "," 0.00","I","999.9","000000"
"72483999999","2003-05-28","38.683","-121.583","8.0","SACRAMENTO INTERNATIONAL, CA US","  77.3","21","  56.1","21","1011.6","21","999.9"," 0"," 10.0","21","  4.4","21","  7.0","999.9","  97.0"," ","  57.0"," "," 0.00","I","999.9","000000"
"72483999999","2003-05-29","38.683","-121.583","8.0","SACRAMENTO INTERNATIONAL, CA US","  79.8","24","  59.7","24","1007.6","24","999.9"," 0"," 10.0","24","  7.3","24"," 22.0"," 25.1","  98.6","*","  66.2","*"," 0.00","I","999.9","000000"
"72483999999","2003-05-30","38.683","-121.583","8.0","SACRAMENTO INTERNATIONAL, CA US","  63.3","24","  53.4","24","1012.3","24","999.9"," 0"," 10.0","24"," 10.9","24"," 21.0"," 28.0","  90.0"," ","  55.0"," "," 0.00","I","999.9","000000"
"72483999999","2003-05-31","38.683","-121.583","8.0","SACRAMENTO INTERNATIONAL, CA US","  70.0","22","  56.5","22","1012.6","22","999.9"," 0","  9.6","22","  4.6","22","  8.9","999.9","  90.0"," ","  55.0"," "," 0.00","I","999.9","000000"
"72483999999","2003-06-01","38.683","-121.583","8.0","SACRAMENTO INTERNATIONAL, CA US","  75.8","22","  54.1","22","1011.9","22","999.9"," 0","  9.6","22","  5.4","22","  9.9","999.9","  98.1"," ","  55.9"," "," 0.00","I","999.9","000000"
"72483999999","2003-06-02","38.683","-121.583","8.0","SACRAMENTO INTERNATIONAL, CA US","  80.6","23","  55.8","23","1009.2","23","999.9"," 0","  9.8","23","  4.3","23","  8.9","999.9","  98.6","*","  60.8","*"," 0.00","I","999.9","000000"
"72483999999","2003-06-03","38.683","-121.583","8.0","SACRAMENTO INTERNATIONAL, CA US","  82.1","23","  58.0","23","1006.2","23","999.9"," 0","  9.6","23","  4.7","23"," 11.1","999.9","  99.0"," ","  60.1"," "," 0.00","I","999.9","000000"
"72483999999","2003-06-04","38.683","-121.583","8.0","SACRAMENTO INTERNATIONAL, CA US","  71.5","24","  57.0","24","1007.6","24","999.9"," 0","  9.4","24","  9.1","24"," 14.0","999.9","  99.0"," ","  57.0"," "," 0.00","I","999.9","000000"
"72483999999","2003-06-05","38.683","-121.583","8.0","SACRAMENTO INTERNATIONAL, CA US","  69.9","24","  57.3","24","1007.6","24","999.9"," 0","  9.8","24","  9.1","24"," 13.0","999.9","  91.9"," ","  57.0"," "," 0.00","I","999.9","000000"
"72483999999","2003-06-06","38.683","-121.583","8.0","SACRAMENTO INTERNATIONAL, CA US","  68.6","23","  56.7","23","1010.1","23","999.9"," 0","  9.3","23","  9.1","23"," 13.0","999.9","  87.1"," ","  57.0"," "," 0.00","I","999.9","000000"
"72483999999","2003-06-07","38.683","-121.583","8.0","SACRAMENTO INTERNATIONAL, CA US","  68.1","24","  57.5","24","1010.7","24","999.9"," 0","  9.6","24","  9.3","24"," 12.0","999.9","  84.2","*","  57.2","*"," 0.00","I","999.9","000000"
"72483999999","2003-06-08","38.683","-121.583","8.0","SACRAMENTO INTERNATIONAL, CA US","  67.8","24","  56.8","24","1008.5","24","999.9"," 0"," 10.0","24"," 10.0","24"," 14.0","999.9","  86.0"," ","  55.0"," "," 0.00","I","999.9","000000"
"72483999999","2003-06-09","38.683","-121.583","8.0","SACRAMENTO INTERNATIONAL, CA US","  66.4","24","  55.6","24","1006.5","23","999.9"," 0","  9.6","24"," 10.5","24"," 15.0","999.9","  86.0"," ","  53.1"," "," 0.00","I","999.9","000000"
"72483999999","2003-06-10","38.683","-121.583","8.0","SACRAMENTO INTERNATIONAL, CA US","  65.2","24","  53.9","24","1009.1","23","999.9"," 0"," 10.0","24"," 10.3","24"," 15.0"," 22.0","  82.0"," ","  53.1"," "," 0.00","I","999.9","000000"
"72483999999","2003-06-11","38.683","-121.583","8.0","SACRAMENTO INTERNATIONAL, CA US","  63.8","24","  53.4","24","1011.8","24","999.9"," 0","  9.8","24","  9.4","24"," 15.9"," 20.0","  77.0"," ","  53.1"," "," 0.00","I","999.9","000000"
"72483999999","2003-06-12","38.683","-121.583","8.0","SACRAMENTO INTERNATIONAL, CA US","  61.0","24","  52.9","24","1011.6","23","999.9"," 0","  9.6","24"," 10.1","24"," 16.9","999.9","  77.0"," ","  53.1"," "," 0.00","I","999.9","000000"
"72483999999","2003-06-13","38.683","-121.583","8.0","SACRAMENTO INTERNATIONAL, CA US","  64.9","23","  51.6","23","1012.6","23","999.9"," 0"," 10.0","23","  8.3","23"," 14.0","999.9","  82.4","*","  53.6","*"," 0.00","I","999.9","000000"
"72483999999","2003-06-14","38.683","-121.583","8.0","SACRAMENTO INTERNATIONAL, CA US","  68.1","24","  53.0","24","1013.7","24","999.9"," 0"," 10.0","24","  6.9","24"," 11.1","999.9","  86.0"," ","  52.0"," "," 0.00","I","999.9","000000"
"72483999999","2003-06-15","38.683","-121.583","8.0","SACRAMENTO INTERNATIONAL, CA US","  72.3","24","  53.3","24","1012.7","24","999.9"," 0","  9.9","24","  5.2","24","  9.9","999.9","  93.0"," ","  55.0"," "," 0.00","I","999.9","000000"
"72483999999","2003-06-16","38.683","-121.583","8.0","SACRAMENTO INTERNATIONAL, CA US","  77.0","24","  57.4","24","1009.9","24","999.9"," 0","  9.8","24","  5.2","24","  8.9","999.9","  98.1"," ","  57.0"," "," 0.00","I","999.9","000000"
"72483999999","2003-06-17","38.683","-121.583","8.0","SACRAMENTO INTERNATIONAL, CA US","  76.2","24","  57.8","24","1008.5","24","999.9"," 0"," 10.0","24","  7.9","24"," 11.1","999.9","  98.1"," ","  57.0"," "," 0.00","I","999.9","000000"
"72483999999","2003-06-18","38.683","-121.583","8.0","SACRAMENTO INTERNATIONAL, CA US","  70.8","24","  55.5","24","1006.4","24","999.9"," 0"," 10.0","24"," 10.7","24"," 15.0","999.9","  87.8","*","  57.2","*"," 0.00","I","999.9","000000"
"72483999999","2003-06-19","38.683","-121.583","8.0","SACRAMENTO INTERNATIONAL, CA US","  67.6","24","  54.4","24","1005.3","24","999.9"," 0","  9.8","24"," 10.2","24"," 14.0"," 15.0","  87.1"," ","  55.0"," "," 0.00","I","999.9","000000"
"72483999999","2003-06-20","38.683","-121.583","8.0","SACRAMENTO INTERNATIONAL, CA US","  67.8","24","  51.5","24","1006.1","24","999.9"," 0"," 10.0","24","  7.8","23"," 15.0","999.9","  84.9"," ","  55.0"," "," 0.00","I","999.9","000000"
"72483999999","2003-06-21","38.683","-121.583","8.0","SACRAMENTO INTERNATIONAL, CA US","  66.5","23","  52.6","23","1008.4","23","999.9"," 0"," 10.0","23","  9.3","23"," 15.0"," 20.0","  84.9"," ","  55.0"," "," 0.00","I","999.9","000000"
"72483999999","2003-06-22","38.683","-121.583","8.0","SACRAMENTO INTERNATIONAL, CA US","  69.9","21","  52.5","21","1008.5","21","999.9"," 0"," 10.0","21","  6.9","21"," 13.0","999.9","  84.9"," ","  55.0"," "," 0.00","I","999.9","000000"
"72483999999","2003-06-23","38.683","-121.583","8.0","SACRAMENTO INTERNATIONAL, CA US","  68.1","22","  49.4","22","1006.0","22","999.9"," 0"," 10.0","22","  6.2","22"," 11.1"," 14.0","  87.1"," ","  55.0"," "," 0.00","I","999.9","000000"
"72483999999","2003-06-24","38.683","-121.583","8.0","SACRAMENTO INTERNATIONAL, CA US","  73.8","24","  48.7","24","1007.9","24","999.9"," 0"," 10.0","24"," 11.4","24"," 15.9"," 20.0","  91.0"," ","  55.0"," "," 0.00","I","999.9","000000"
"72483999999","2003-06-25","38.683","-121.583","8.0","SACRAMENTO INTERNATIONAL, CA US","  76.8","23","  49.6","23","1012.6","23","999.9"," 0"," 10.0","23","  5.3","23"," 13.0","999.9","  98.1"," ","  57.0"," "," 0.00","I","999.9","000000"
"72483999999","2003-06-26","38.683","-121.583","8.0","SACRAMENTO INTERNATIONAL, CA US","  81.0","24","  52.6","24","1013.3","24","999.9"," 0","  9.8","24","  3.9","24","  7.0","999.9"," 100.4","*","  62.6","*"," 0.00","I","999.9","000000"
"72483999999","2003-06-27","38.683","-121.583","8.0","SACRAMENTO INTERNATIONAL, CA US","  84.2","24","  56.1","24","1010.9","24","999.9"," 0"," 10.0","24","  3.6","24","  6.0","999.9"," 104.0"," ","  60.1"," "," 0.00","I","999.9","000000"
"72483999999","2003-06-28","38.683","-121.583","8.0","SACRAMENTO INTERNATIONAL, CA US","  84.7","24","  51.5","24","1008.2","24","999.9"," 0"," 10.0","24","  6.4","24"," 15.9","999.9"," 105.1"," ","  64.0"," "," 0.00","I","999.9","000000"
"72483999999","2003-06-29","38.683","-121.583","8.0","SACRAMENTO INTERNATIONAL, CA US","  77.9","24","  52.1","24","1010.1","24","999.9"," 0"," 10.0","24","  9.8","24"," 13.0","999.9"," 102.9"," ","  59.0"," "," 0.00","I","999.9","000000"
"72483999999","2003-06-30","38.683","-121.583","8.0","SACRAMENTO INTERNATIONAL, CA US","  73.4","24","  52.2","24","1013.0","24","999.9"," 0","  9.8","24","  9.1","24"," 11.1","999.9","  96.1"," ","  57.0"," "," 0.00","I","999.9","000000"
"72483999999","2003-07-01","38.683","-121.583","8.0","SACRAMENTO INTERNATIONAL, CA US","  70.6","24","  52.7","24","1013.0","24","999.9"," 0"," 10.0","24"," 10.9","24"," 14.0"," 18.1","  89.6","*","  55.4","*"," 0.00","I","999.9","000000"
"72483999999","2003-07-02","38.683","-121.583","8.0","SACRAMENTO INTERNATIONAL, CA US","  73.2","24","  43.8","24","1012.2","24","999.9"," 0"," 10.0","24","  8.2","24"," 12.0"," 15.9","  91.4","*","  55.4","*"," 0.00","I","999.9","000000"
"72483999999","2003-07-03","38.683","-121.583","8.0","SACRAMENTO INTERNATIONAL, CA US","  72.9","24","  46.3","24","1012.7","24","999.9"," 0"," 10.0","24","  7.8","24"," 13.0","999.9","  91.4","*","  55.4","*"," 0.00","I","999.9","000000"
"72483999999","2003-07-04","38.683","-121.583","8.0","SACRAMENTO INTERNATIONAL, CA US","  75.8","24","  48.9","24","1013.4","24","999.9"," 0"," 10.0","24","  5.6","24","  9.9","999.9","  98.1"," ","  52.0"," "," 0.00","I","999.9","000000"
"72483999999","2003-07-05","38.683","-121.583","8.0","SACRAMENTO INTERNATIONAL, CA US","  79.3","24","  52.1","24","1011.5","24","999.9"," 0"," 10.0","24","  5.2","24","  8.0","999.9","  98.1"," ","  52.0"," "," 0.00","I","999.9","000000"
"72483999999","2003-07-06","38.683","-121.583","8.0","SACRAMENTO INTERNATIONAL, CA US","  71.9","24","  54.9","24","1009.7","24","999.9"," 0"," 10.0","24","  8.2","24"," 11.1","999.9","  95.0"," ","  57.0"," "," 0.00","I","999.9","000000"
"72483999999","2003-07-07","38.683","-121.583","8.0","SACRAMENTO INTERNATIONAL, CA US","  68.5","24","  54.6","24","1009.8","24","999.9"," 0"," 10.0","24"," 12.2","24"," 15.9"," 20.0","  89.1"," ","  55.0"," "," 0.00","I","999.9","000000"
"72483999999","2003-07-08","38.683","-121.583","8.0","SACRAMENTO INTERNATIONAL, CA US","  69.1","24","  52.5","24","1013.4","24","999.9"," 0"," 10.0","24","  7.7","24"," 15.9","999.9","  89.6","*","  53.6","*"," 0.00","I","999.9","000000"
"72483999999","2003-07-09","38.683","-121.583","8.0","SACRAMENTO INTERNATIONAL, CA US","  77.7","24","  52.9","24","1012.6","24","999.9"," 0"," 10.0","24","  4.8","24","  7.0","999.9","  98.6","*","  60.8","*"," 0.00","I","999.9","000000"
"72483999999","2003-07-10","38.683","-121.583","8.0","SACRAMENTO INTERNATIONAL, CA US","  78.9","24","  55.7","24","1013.4","24","999.9"," 0"," 10.0","24","  6.4","24","  8.9","999.9","  99.0"," ","  60.1"," "," 0.00","I","999.9","000000"
"72483999999","2003-07-11","38.683","-121.583","8.0","SACRAMENTO INTERNATIONAL, CA US","  78.1","24","  56.2","24","1014.2","24","999.9"," 0"," 10.0","24","  6.5","24","  9.9","999.9","  99.0"," ","  60.1"," "," 0.00","I","999.9","000000"
"72483999999","2003-07-12","38.683","-121.583","8.0","SACRAMENTO INTERNATIONAL, CA US","  80.1","24","  57.1","24","1014.1","24","999.9"," 0"," 10.0","24","  8.1","24"," 13.0"," 14.0","  99.0"," ","  60.1"," "," 0.00","I","999.9","000000"
"72483999999","2003-07-13","38.683","-121.583","8.0","SACRAMENTO INTERNATIONAL, CA US","  76.1","24","  59.0","24","1015.7","24","999.9"," 0"," 10.0","24","  8.1","24"," 13.0","999.9","  98.1"," ","  62.1"," "," 0.00","I","999.9","000000"
"72483999999","2003-07-14","38.683","-121.583","8.0","SACRAMENTO INTERNATIONAL, CA US","  79.5","24","  57.0","24","1012.7","24","999.9"," 0"," 10.0","24","  3.7","24","  8.0","999.9","  98.6","*","  60.8","*"," 0.00","I","999.9","000000"
"72483999999","2003-07-15","38.683","-121.583","8.0","SACRAMENTO INTERNATIONAL, CA US","  81.0","24","  58.6","24","1009.4","24","999.9"," 0"," 10.0","24","  7.4","24","  9.9","999.9","  99.0"," ","  61.0"," "," 0.00","I","999.9","000000"
"72483999999","2003-07-16","38.683","-121.583","8.0","SACRAMENTO INTERNATIONAL, CA US","  78.5","22","  57.9","22","1010.1","22","999.9"," 0"," 10.0","22","  6.1","22"," 11.1","999.9","  98.1"," ","  61.0"," "," 0.00","I","999.9","000000"
"72483999999","2003-07-17","38.683","-121.583","8.0","SACRAMENTO INTERNATIONAL, CA US","  83.1","24","  59.5","24","1010.9","24","999.9"," 0"," 10.0","24","  5.0","24","  8.0","999.9"," 104.0"," ","  60.1"," "," 0.00","I","999.9","000000"
"72483999999","2003-07-18","38.683","-121.583","8.0","SACRAMENTO INTERNATIONAL, CA US","  86.9","24","  56.3","24","1011.9","24","999.9"," 0"," 10.0","24","  4.9","24","  8.9","999.9"," 104.0"," ","  60.1"," "," 0.00","I","999.9","000000"
"72483999999","2003-07-19","38.683","-121.583","8.0","SACRAMENTO INTERNATIONAL, CA US","  83.6","24","  59.7","24","1011.7","24","999.9"," 0"," 10.0","24","  7.0","24"," 11.1","999.9"," 104.0"," ","  64.0"," "," 0.00","I","999.9","000000"
"72483999999","2003-07-20","38.683","-121.583","8.0","SACRAMENTO INTERNATIONAL, CA US","  84.8","24","  60.5","24","1012.0","24","999.9"," 0"," 10.0","24","  6.9","24"," 13.0","999.9"," 102.9"," ","  64.9"," "," 0.00","I","999.9","000000"
"72483999999","2003-07-21","38.683","-121.583","8.0","SACRAMENTO INTERNATIONAL, CA US","  85.2","24","  61.5","24","1011.0","24","999.9"," 0"," 10.0","24","  7.8","24"," 12.0","999.9"," 104.0"," ","  70.0"," "," 0.00","I","999.9","000000"
"72483999999","2003-07-22","38.683","-121.583","8.0","SACRAMENTO INTERNATIONAL, CA US","  83.9","24","  60.4","24","1010.4","24","999.9"," 0"," 10.0","24","  6.3","24","  9.9","999.9"," 102.9"," ","  68.0"," "," 0.00","I","999.9","000000"
"72483999999","2003-07-23","38.683","-121.583","8.0","SACRAMENTO INTERNATIONAL, CA US","  79.7","24","  60.3","24","1009.3","24","999.9"," 0"," 10.0","24","  8.9","24"," 13.0","999.9"," 102.9"," ","  66.9"," "," 0.00","I","999.9","000000"
"72483999999","2003-07-24","38.683","-121.583","8.0","SACRAMENTO INTERNATIONAL, CA US","  80.4","24","  62.0","24","1008.7","24","999.9"," 0","  9.9","24","  5.3","24"," 11.1","999.9","  98.6","*","  71.6","*"," 0.00","A","999.9","000000"
"72483999999","2003-07-25","38.683","-121.583","8.0","SACRAMENTO INTERNATIONAL, CA US","  78.3","23","  58.2","23","1008.3","23","999.9"," 0"," 10.0","23","  9.4","23"," 16.9","999.9","  99.0"," ","  64.0"," "," 0.00","I","999.9","000000"
"72483999999","2003-07-26","38.683","-121.583","8.0","SACRAMENTO INTERNATIONAL, CA US","  77.2","24","  58.5","24","1012.1","24","999.9"," 0"," 10.0","24","  7.3","24"," 12.0","999.9","  96.8","*","  62.6","*"," 0.00","I","999.9","000000"
"72483999999","2003-07-27","38.683","-121.583","8.0","SACRAMENTO INTERNATIONAL, CA US","  82.3","24","  58.6","24","1013.1","24","999.9"," 0","  9.9","24","  4.7","24"," 11.1","999.9"," 104.0"," ","  62.1"," "," 0.00","I","999.9","000000"
"72483999999","2003-07-28","38.683","-121.583","8.0","SACRAMENTO INTERNATIONAL, CA US","  81.0","24","  59.3","24","1011.6","24","999.9"," 0"," 10.0","24","  6.7","24"," 11.1","999.9"," 104.0"," ","  62.1"," "," 0.00","I","999.9","000000"
"72483999999","2003-07-29","38.683","-121.583","8.0","SACRAMENTO INTERNATIONAL, CA US","  81.1","24","  60.3","24","1009.3","24","999.9"," 0"," 10.0","24","  7.8","24"," 12.0","999.9"," 102.2","*","  62.6","*"," 0.00","I","999.9","000000"
"72483999999","2003-07-30","38.683","-121.583","8.0","SACRAMENTO INTERNATIONAL, CA US","  78.9","24","  57.2","24","1009.4","24","999.9"," 0","  9.9","24"," 10.3","24"," 18.1"," 19.0"," 102.0"," ","  63.0"," "," 0.00","I","999.9","000000"
"72483999999","2003-07-31","38.683","-121.583","8.0","SACRAMENTO INTERNATIONAL, CA US","  77.1","24","  57.3","24","1013.0","23","999.9"," 0"," 10.0","24"," 10.5","24"," 22.9"," 28.0","  93.0"," ","  68.0"," "," 0.00","I","999.9","000000"
"72483999999","2003-08-01","38.683","-121.583","8.0","SACRAMENTO INTERNATIONAL, CA US","  76.3","24","  62.9","24","1014.6","24","999.9"," 0","  9.9","24","  5.0","24"," 16.9","999.9","  93.2","*","  64.4","*"," 0.02","G","999.9","010000"
"72483999999","2003-08-02","38.683","-121.583","8.0","SACRAMENTO INTERNATIONAL, CA US","  73.6","24","  60.1","24","1014.3","24","999.9"," 0"," 10.0","24"," 10.3","24"," 14.0","999.9","  93.9"," ","  63.0"," "," 0.00","G","999.9","000000"
"72483999999","2003-08-03","38.683","-121.583","8.0","SACRAMENTO INTERNATIONAL, CA US","  73.3","24","  60.0","24","1015.0","24","999.9"," 0"," 10.0","24","  6.8","24","  9.9","999.9","  89.6","*","  60.8","*"," 0.00","I","999.9","000000"
"72483999999","2003-08-04","38.683","-121.583","8.0","SACRAMENTO INTERNATIONAL, CA US","  73.9","24","  56.6","24","1013.5","24","999.9"," 0"," 10.0","24"," 10.1","24"," 15.9","999.9","  90.0"," ","  60.1"," "," 0.00","I","999.9","000000"
"72483999999","2003-08-05","38.683","-121.583","8.0","SACRAMENTO INTERNATIONAL, CA US","  70.7","24","  55.5","24","1014.4","24","999.9"," 0"," 10.0","24","  8.9","24"," 15.9","999.9","  89.1"," ","  59.0"," "," 0.00","I","999.9","000000"
"72483999999","2003-08-06","38.683","-121.583","8.0","SACRAMENTO INTERNATIONAL, CA US","  71.1","24","  56.4","24","1014.2","24","999.9"," 0"," 10.0","24","  8.9","24"," 14.0"," 19.0","  84.9"," ","  59.0"," "," 0.00","I","999.9","000000"
"72483999999","2003-08-07","38.683","-121.583","8.0","SACRAMENTO INTERNATIONAL, CA US","  69.9","24","  54.3","24","1014.8","24","999.9"," 0"," 10.0","24","  9.1","24"," 14.0","999.9","  86.0"," ","  57.9"," "," 0.00","I","999.9","000000"
"72483999999","2003-08-08","38.683","-121.583","8.0","SACRAMENTO INTERNATIONAL, CA US","  70.5","24","  55.3","24","1014.6","24","999.9"," 0"," 10.0","24","  7.3","24"," 12.0","999.9","  88.0"," ","  57.9"," "," 0.00","I","999.9","000000"
"72483999999","2003-08-09","38.683","-121.583","8.0","SACRAMENTO INTERNATIONAL, CA US","  74.8","24","  55.0","24","1014.4","24","999.9"," 0"," 10.0","24","  7.9","24"," 12.0","999.9","  91.9"," ","  57.9"," "," 0.00","I","999.9","000000"
"72483999999","2003-08-10","38.683","-121.583","8.0","SACRAMENTO INTERNATIONAL, CA US","  73.4","24","  53.4","24","1015.8","24","999.9"," 0"," 10.0","24","  8.7","24"," 13.0","999.9","  93.0"," ","  60.1"," "," 0.00","I","999.9","000000"
"72483999999","2003-08-11","38.683","-121.583","8.0","SACRAMENTO INTERNATIONAL, CA US","  74.1","24","  53.1","24","1015.6","24","999.9"," 0"," 10.0","24","  7.2","24"," 13.0","999.9","  93.0"," ","  60.1"," "," 0.00","I","999.9","000000"
"72483999999","2003-08-12","38.683","-121.583","8.0","SACRAMENTO INTERNATIONAL, CA US","  73.8","24","  53.4","24","1011.8","24","999.9"," 0"," 10.0","24","  4.9","24","  9.9","999.9","  91.9"," ","  55.0"," "," 0.00","I","999.9","000000"
"72483999999","2003-08-13","38.683","-121.583","8.0","SACRAMENTO INTERNATIONAL, CA US","  72.8","24","  52.7","24","1012.4","24","999.9"," 0"," 10.0","24","  6.6","24","  9.9","999.9","  91.9"," ","  55.0"," "," 0.00","I","999.9","000000"
"72483999999","2003-08-14","38.683","-121.583","8.0","SACRAMENTO INTERNATIONAL, CA US","  74.4","24","  50.9","24","1013.8","24","999.9"," 0"," 10.0","24","  7.6","24"," 12.0","999.9","  91.9"," ","  57.0"," "," 0.00","I","999.9","000000"
"72483999999","2003-08-15","38.683","-121.583","8.0","SACRAMENTO INTERNATIONAL, CA US","  72.2","21","  55.1","21","1015.6","21","999.9"," 0","  9.9","21","  6.2","21"," 12.0","999.9","  91.9"," ","  59.0"," "," 0.00","I","999.9","000000"
"72483999999","2003-08-16","38.683","-121.583","8.0","SACRAMENTO INTERNATIONAL, CA US","  75.6","24","  52.2","24","1014.7","24","999.9"," 0"," 10.0","24","  4.3","24","  8.0","999.9","  96.8","*","  55.4","*"," 0.00","I","999.9","000000"
"72483999999","2003-08-17","38.683","-121.583","8.0","SACRAMENTO INTERNATIONAL, CA US","  79.1","24","  53.5","24","1012.4","24","999.9"," 0"," 10.0","24","  4.5","24","  8.0","999.9","  97.0"," ","  55.0"," "," 0.00","I","999.9","000000"
"72483999999","2003-08-18","38.683","-121.583","8.0","SACRAMENTO INTERNATIONAL, CA US","  77.4","23","  56.2","23","1009.9","23","999.9"," 0"," 10.0","23","  6.0","23","  9.9","999.9","  98.1"," ","  57.9"," "," 0.00","I","999.9","000000"
"72483999999","2003-08-19","38.683","-121.583","8.0","SACRAMENTO INTERNATIONAL, CA US","  72.3","24","  58.4","24","1009.9","24","999.9"," 0"," 10.0","24","  9.3","24"," 13.0","999.9","  95.0","*","  57.2","*"," 0.00","I","999.9","000000"
"72483999999","2003-08-20","38.683","-121.583","8.0","SACRAMENTO INTERNATIONAL, CA US","  73.2","24","  57.9","24","1011.0","24","999.9"," 0"," 10.0","24","  5.6","24"," 12.0","999.9","  96.1"," ","  57.0"," "," 0.00","I","999.9","000000"
"72483999999","2003-08-21","38.683","-121.583","8.0","SACRAMENTO INTERNATIONAL, CA US","  75.1","24","  60.0","24","1011.6","23","999.9"," 0","  9.8","24","  9.2","24"," 18.1"," 22.9","  96.1"," ","  57.0"," "," 0.02","A","999.9","010010"
"72483999999","2003-08-22","38.683","-121.583","8.0","SACRAMENTO INTERNATIONAL, CA US","  68.6","24","  62.0","24","1013.0","20","999.9"," 0","  9.5","24","  7.4","24"," 12.0"," 16.9","  78.8","*","  62.6","*"," 0.53","G","999.9","010010"
"72483999999","2003-08-23","38.683","-121.583","8.0","SACRAMENTO INTERNATIONAL, CA US","  70.9","23","  59.4","23","1013.0","23","999.9"," 0"," 10.0","23","  5.3","23","  8.9","999.9","  87.1"," ","  55.9"," "," 0.26","G","999.9","000000"
"72483999999","2003-08-24","38.683","-121.583","8.0","SACRAMENTO INTERNATIONAL, CA US","  76.8","24","  62.3","24","1013.1","24","999.9"," 0"," 10.0","24","  4.0","24","  8.0","999.9","  95.0"," ","  55.9"," "," 0.00","G","999.9","000000"
"72483999999","2003-08-25","38.683","-121.583","8.0","SACRAMENTO INTERNATIONAL, CA US","  79.2","24","  59.4","24","1012.3","24","999.9"," 0"," 10.0","24","  2.9","24","  8.0","999.9","  99.0"," ","  60.1"," "," 0.00","I","999.9","000000"
"72483999999","2003-08-26","38.683","-121.583","8.0","SACRAMENTO INTERNATIONAL, CA US","  83.1","24","  58.1","24","1009.9","23","999.9"," 0"," 10.0","24","  4.7","24"," 13.0"," 20.0","  99.0"," ","  60.1"," "," 0.00","H","999.9","010000"
"72483999999","2003-08-27","38.683","-121.583","8.0","SACRAMENTO INTERNATIONAL, CA US","  74.1","24","  57.7","24","1010.6","24","999.9"," 0","  9.8","24","  8.8","24"," 14.0","999.9","  98.1"," ","  59.0"," "," 0.00","I","999.9","000000"
"72483999999","2003-08-28","38.683","-121.583","8.0","SACRAMENTO INTERNATIONAL, CA US","  70.0","24","  55.7","24","1011.8","24","999.9"," 0"," 10.0","24","  9.9","24"," 13.0","999.9","  91.0"," ","  57.0"," "," 0.00","I","999.9","000000"
"72483999999","2003-08-29","38.683","-121.583","8.0","SACRAMENTO INTERNATIONAL, CA US","  69.0","22","  55.1","22","1012.7","22","999.9"," 0","  9.2","22","  5.7","22"," 13.0","999.9","  91.9"," ","  51.1"," "," 0.00","I","999.9","000000"
"72483999999","2003-08-30","38.683","-121.583","8.0","SACRAMENTO INTERNATIONAL, CA US","  73.2","23","  56.7","23","1011.4","23","999.9"," 0"," 10.0","23","  6.2","23","  8.9","999.9","  93.2","*","  57.2","*"," 0.00","I","999.9","000000"
"72483999999","2003-08-31","38.683","-121.583","8.0","SACRAMENTO INTERNATIONAL, CA US","  74.6","23","  58.3","23","1009.8","23","999.9"," 0","  9.7","23","  5.3","23","  9.9","999.9","  97.0"," ","  57.0"," "," 0.00","H","999.9","010000"
"72483999999","2003-09-01","38.683","-121.583","8.0","SACRAMENTO INTERNATIONAL, CA US","  79.9","24","  58.5","24","1008.2","24","999.9"," 0"," 10.0","24","  3.9","24","  7.0","999.9"," 100.4","*","  60.8","*"," 0.00","I","999.9","000000"
"72483999999","2003-09-02","38.683","-121.583","8.0","SACRAMENTO INTERNATIONAL, CA US","  80.4","24","  58.8","24","1009.2","24","999.9"," 0","  9.9","24","  5.4","24","  8.9","999.9"," 104.0"," ","  59.0"," "," 0.00","I","999.9","000000"
"72483999999","2003-09-03","38.683","-121.583","8.0","SACRAMENTO INTERNATIONAL, CA US","  79.4","24","  60.4","24","1009.7","24","999.9"," 0"," 10.0","24","  6.4","24"," 11.1","999.9"," 104.0"," ","  59.0"," "," 0.00","I","999.9","000000"
"72483999999","2003-09-04","38.683","-121.583","8.0","SACRAMENTO INTERNATIONAL, CA US","  76.0","24","  60.7","24","1010.9","24","999.9"," 0","  9.8","24","  7.8","24"," 12.0","999.9","  93.2","*","  62.6","*"," 0.00","I","999.9","000000"
"72483999999","2003-09-05","38.683","-121.583","8.0","SACRAMENTO INTERNATIONAL, CA US","  72.3","24","  55.4","24","1012.7","24","999.9"," 0"," 10.0","24","  8.9","24"," 13.0","999.9","  91.9"," ","  57.9"," "," 0.00","I","999.9","000000"
"72483999999","2003-09-06","38.683","-121.583","8.0","SACRAMENTO INTERNATIONAL, CA US","  68.8","24","  52.9","24","1013.3","24","999.9"," 0"," 10.0","24"," 10.5","24"," 15.0"," 20.0","  89.1"," ","  57.0"," "," 0.00","I","999.9","000000"
"72483999999","2003-09-07","38.683","-121.583","8.0","SACRAMENTO INTERNATIONAL, CA US","  66.2","24","  54.0","24","1013.1","24","999.9"," 0"," 10.0","24","  8.3","24"," 13.0","999.9","  84.2","*","  53.6","*"," 0.00","I","999.9","000000"
"72483999999","2003-09-08","38.683","-121.583","8.0","SACRAMENTO INTERNATIONAL, CA US","  69.4","24","  57.4","24","1011.8","24","999.9"," 0"," 10.0","24","  5.8","24","  8.9","999.9","  84.0"," ","  53.1"," "," 0.00","I","999.9","000000"
"72483999999","2003-09-09","38.683","-121.583","8.0","SACRAMENTO INTERNATIONAL, CA US","  69.1","20","  51.4","20","1010.0","20","999.9"," 0"," 10.0","20","  8.2","20"," 13.0","999.9","  82.9"," ","  53.1"," "," 0.00","I","999.9","000000"
"72483999999","2003-09-10","38.683","-121.583","8.0","SACRAMENTO INTERNATIONAL, CA US","  71.1","24","  57.1","24","1012.9","24","999.9"," 0","  9.9","24","  9.9","24"," 15.9"," 21.0","  89.1"," ","  59.0"," "," 0.00","I","999.9","000000"
"72483999999","2003-09-11","38.683","-121.583","8.0","SACRAMENTO INTERNATIONAL, CA US","  73.5","23","  51.5","23","1014.7","23","999.9"," 0"," 10.0","23","  4.6","23","  8.9","999.9","  93.0"," ","  57.0"," "," 0.00","I","999.9","000000"
"72483999999","2003-09-12","38.683","-121.583","8.0","SACRAMENTO INTERNATIONAL, CA US","  77.2","23","  54.1","23","1013.2","23","999.9"," 0","  9.9","23","  5.3","23"," 11.1","999.9","  98.6","*","  62.6","*"," 0.00","I","999.9","000000"
"72483999999","2003-09-13","38.683","-121.583","8.0","SACRAMENTO INTERNATIONAL, CA US","  81.3","24","  43.0","24","1008.6","24","999.9"," 0"," 10.0","24"," 11.4","24"," 16.9"," 20.0","  98.1"," ","  60.1"," "," 0.00","I","999.9","000000"
"72483999999","2003-09-14","38.683","-121.583","8.0","SACRAMENTO INTERNATIONAL, CA US","  77.6","24","  46.3","24","1010.0","24","999.9"," 0"," 10.0","24","  3.9","24","  8.9","999.9","  98.6","*","  59.0","*"," 0.00","I","999.9","000000"
"72483999999","2003-09-15","38.683","-121.583","8.0","SACRAMENTO INTERNATIONAL, CA US","  73.2","24","  54.6","24","1010.4","24","999.9"," 0","  9.9","24"," 10.1","24"," 13.0","999.9","  98.1"," ","  59.0"," "," 0.00","I","999.9","000000"
"72483999999","2003-09-16","38.683","-121.583","8.0","SACRAMENTO INTERNATIONAL, CA US","  67.0","24","  51.6","24","1010.7","24","999.9"," 0"," 10.0","24","  9.1","24"," 15.9","999.9","  86.0"," ","  55.0"," "," 0.00","I","999.9","000000"
"72483999999","2003-09-17","38.683","-121.583","8.0","SACRAMENTO INTERNATIONAL, CA US","  68.0","24","  45.5","24","1011.4","24","999.9"," 0"," 10.0","24"," 12.1","24"," 21.0"," 27.0","  84.0"," ","  53.1"," "," 0.00","I","999.9","000000"
"72483999999","2003-09-18","38.683","-121.583","8.0","SACRAMENTO INTERNATIONAL, CA US","  68.8","24","  39.2","24","1011.4","24","999.9"," 0"," 10.0","24","  5.2","24"," 14.0","999.9","  89.6","*","  50.0","*"," 0.00","I","999.9","000000"
"72483999999","2003-09-19","38.683","-121.583","8.0","SACRAMENTO INTERNATIONAL, CA US","  70.7","24","  46.9","24","1010.8","24","999.9"," 0","  9.9","24","  2.4","24","  6.0","999.9","  93.9"," ","  50.0"," "," 0.00","I","999.9","000000"
"72483999999","2003-09-20","38.683","-121.583","8.0","SACRAMENTO INTERNATIONAL, CA US","  73.6","23","  49.5","23","1009.5","23","999.9"," 0","  9.7","23","  3.8","23","  7.0","999.9","  97.0"," ","  51.1"," "," 0.00","I","999.9","000000"
"72483999999","2003-09-21","38.683","-121.583","8.0","SACRAMENTO INTERNATIONAL, CA US","  76.8","22","  52.0","22","1008.2","22","999.9"," 0"," 10.0","22","  2.8","22","  7.0","999.9","  98.1"," ","  54.0"," "," 0.00","I","999.9","000000"
"72483999999","2003-09-22","38.683","-121.583","8.0","SACRAMENTO INTERNATIONAL, CA US","  76.8","24","  51.6","24","1007.5","24","999.9"," 0"," 10.0","24","  3.0","24","  8.0","999.9"," 100.9"," ","  55.0"," "," 0.00","I","999.9","000000"
"72483999999","2003-09-23","38.683","-121.583","8.0","SACRAMENTO INTERNATIONAL, CA US","  76.3","24","  52.4","24","1006.9","24","999.9"," 0"," 10.0","24","  2.7","24"," 11.1","999.9"," 100.9"," ","  55.9"," "," 0.00","I","999.9","000000"
"72483999999","2003-09-24","38.683","-121.583","8.0","SACRAMENTO INTERNATIONAL, CA US","  70.5","24","  54.7","24","1009.8","24","999.9"," 0"," 10.0","24","  7.8","24"," 13.0","999.9","  96.1"," ","  53.1"," "," 0.00","I","999.9","000000"
"72483999999","2003-09-25","38.683","-121.583","8.0","SACRAMENTO INTERNATIONAL, CA US","  65.9","24","  54.3","24","1014.0","24","999.9"," 0"," 10.0","24","  8.2","24"," 15.9","999.9","  86.0"," ","  53.1"," "," 0.00","I","999.9","000000"
"72483999999","2003-09-26","38.683","-121.583","8.0","SACRAMENTO INTERNATIONAL, CA US","  65.8","24","  54.6","24","1013.6","24","999.9"," 0","  8.7","24","  5.7","24"," 11.1","999.9","  84.9"," ","  52.0"," "," 0.00","I","999.9","000000"
"72483999999","2003-09-27","38.683","-121.583","8.0","SACRAMENTO INTERNATIONAL, CA US","  67.5","24","  55.9","24","1011.6","24","999.9"," 0","  8.3","24","  5.2","24","  8.9","999.9","  88.0"," ","  51.1"," "," 0.00","I","999.9","000000"
"72483999999","2003-09-28","38.683","-121.583","8.0","SACRAMENTO INTERNATIONAL, CA US","  68.8","24","  57.0","24","1010.8","24","999.9"," 0","  9.8","24","  7.0","24"," 12.0","999.9","  88.0"," ","  51.1"," "," 0.00","I","999.9","000000"
"72483999999","2003-09-29","38.683","-121.583","8.0","SACRAMENTO INTERNATIONAL, CA US","  65.7","23","  54.1","23","1011.5","23","999.9"," 0"," 10.0","23","  9.1","23"," 14.0","999.9","  82.4","*","  55.4","*"," 0.00","I","999.9","000000"
"72483999999","2003-09-30","38.683","-121.583","8.0","SACRAMENTO INTERNATIONAL, CA US","  68.3","23","  53.5","23","1012.3","23","999.9"," 0","  9.9","23","  2.7","23","  6.0","999.9","  86.0","*","  51.8","*"," 0.00","I","999.9","000000"
"72483999999","2003-10-01","38.683","-121.583","8.0","SACRAMENTO INTERNATIONAL, CA US","  67.8","23","  52.2","23","1013.9","22","999.9"," 0"," 10.0","23","  7.8","23","  9.9","999.9","  87.1"," ","  52.0"," "," 0.00","I","999.9","000000"
"72483999999","2003-10-02","38.683","-121.583","8.0","SACRAMENTO INTERNATIONAL, CA US","  64.8","20","  52.1","20","1011.7","20","999.9"," 0","  9.6","20","  5.8","20"," 11.1","999.9","  82.0"," ","  48.0"," "," 0.00","I","999.9","000000"
"72483999999","2003-10-03","38.683","-121.583","8.0","SACRAMENTO INTERNATIONAL, CA US","  63.6","24","  52.7","24","1008.1","24","999.9"," 0","  9.0","24","  7.0","24"," 11.1","999.9","  82.4","*","  51.8","*"," 0.00","I","999.9","000000"
"72483999999","2003-10-04","38.683","-121.583","8.0","SACRAMENTO INTERNATIONAL, CA US","  65.5","24","  53.9","24","1009.3","24","999.9"," 0","  8.5","24","  8.4","24"," 14.0"," 18.1","  82.0"," ","  50.0"," "," 0.00","I","999.9","000000"
"72483999999","2003-10-05","38.683","-121.583","8.0","SACRAMENTO INTERNATIONAL, CA US","  66.7","24","  52.9","24","1011.8","24","999.9"," 0","  9.8","24","  5.3","24","  8.9","999.9","  86.0"," ","  51.1"," "," 0.00","I","999.9","000000"
"72483999999","2003-10-06","38.683","-121.583","8.0","SACRAMENTO INTERNATIONAL, CA US","  70.2","24","  52.8","24","1010.8","24","999.9"," 0","  9.5","24","  2.7","24","  8.9","999.9","  91.0"," ","  51.1"," "," 0.00","I","999.9","000000"
"72483999999","2003-10-07","38.683","-121.583","8.0","SACRAMENTO INTERNATIONAL, CA US","  69.9","24","  52.9","24","1008.4","24","999.9"," 0","  9.9","24","  5.0","24","  9.9","999.9","  91.0"," ","  52.0"," "," 0.00","I","999.9","000000"
"72483999999","2003-10-08","38.683","-121.583","8.0","SACRAMENTO INTERNATIONAL, CA US","  68.2","24","  53.9","24","1008.7","24","999.9"," 0"," 10.0","24","  7.0","24","  8.9","999.9","  86.0"," ","  52.0"," "," 0.00","I","999.9","000000"
"72483999999","2003-10-09","38.683","-121.583","8.0","SACRAMENTO INTERNATIONAL, CA US","  66.3","24","  54.9","24","1009.7","23","999.9"," 0","  9.6","24","  8.2","24"," 12.0","999.9","  84.9"," ","  55.0"," "," 0.00","I","999.9","000000"
"72483999999","2003-10-10","38.683","-121.583","8.0","SACRAMENTO INTERNATIONAL, CA US","  64.9","24","  37.0","24","1011.6","24","999.9"," 0","  9.8","24"," 13.4","24"," 22.0"," 28.9","  79.0"," ","  55.0"," "," 0.01","A","999.9","010000"
"72483999999","2003-10-11","38.683","-121.583","8.0","SACRAMENTO INTERNATIONAL, CA US","  60.7","24","  35.4","24","1013.1","24","999.9"," 0","  9.9","24","  4.7","24","  9.9","999.9","  82.0"," ","  42.1"," "," 0.00","I","999.9","000000"
"72483999999","2003-10-12","38.683","-121.583","8.0","SACRAMENTO INTERNATIONAL, CA US","  65.3","24","  39.7","24","1017.1","24","999.9"," 0"," 10.0","24","  7.3","24"," 15.9","999.9","  84.9"," ","  42.1"," "," 0.00","I","999.9","000000"
"72483999999","2003-10-13","38.683","-121.583","8.0","SACRAMENTO INTERNATIONAL, CA US","  65.2","21","  31.1","21","1017.1","21","999.9"," 0","  9.8","21","  6.2","21"," 12.0","999.9","  84.9"," ","  46.0"," "," 0.00","I","999.9","000000"
"72483999999","2003-10-14","38.683","-121.583","8.0","SACRAMENTO INTERNATIONAL, CA US","  65.5","24","  35.4","24","1015.1","24","999.9"," 0","  9.9","24","  4.3","24","  8.0","999.9","  84.2","*","  48.2","*"," 0.00","I","999.9","000000"
"72483999999","2003-10-15","38.683","-121.583","8.0","SACRAMENTO INTERNATIONAL, CA US","  61.3","24","  40.8","24","1013.7","24","999.9"," 0","  9.9","24","  3.6","24","  8.0","999.9","  84.0"," ","  41.0"," "," 0.00","I","999.9","000000"
"72483999999","2003-10-16","38.683","-121.583","8.0","SACRAMENTO INTERNATIONAL, CA US","  63.2","24","  45.0","24","1017.7","24","999.9"," 0"," 10.0","24","  4.2","24","  9.9","999.9","  82.4","*","  44.6","*"," 0.00","I","999.9","000000"
"72483999999","2003-10-17","38.683","-121.583","8.0","SACRAMENTO INTERNATIONAL, CA US","  66.7","24","  46.9","24","1018.2","24","999.9"," 0"," 10.0","24","  3.3","24","  6.0","999.9","  84.0"," ","  45.0"," "," 0.00","I","999.9","000000"
"72483999999","2003-10-18","38.683","-121.583","8.0","SACRAMENTO INTERNATIONAL, CA US","  63.8","24","  46.2","24","1015.6","24","999.9"," 0","  9.3","24","  2.7","24","  9.9","999.9","  84.2","*","  46.4","*"," 0.00","I","999.9","000000"
"72483999999","2003-10-19","38.683","-121.583","8.0","SACRAMENTO INTERNATIONAL, CA US","  67.0","24","  48.7","24","1016.5","24","999.9"," 0"," 10.0","24","  5.9","24","  8.9","999.9","  84.0"," ","  45.0"," "," 0.00","I","999.9","000000"
"72483999999","2003-10-20","38.683","-121.583","8.0","SACRAMENTO INTERNATIONAL, CA US","  67.7","24","  47.2","24","1017.8","24","999.9"," 0","  8.7","24","  4.4","24","  8.0","999.9","  91.4","*","  48.2","*"," 0.00","I","999.9","000000"
"72483999999","2003-10-21","38.683","-121.583","8.0","SACRAMENTO INTERNATIONAL, CA US","  68.8","24","  48.0","24","1017.2","24","999.9"," 0","  9.6","24","  2.2","24","  6.0","999.9","  91.0"," ","  48.0"," "," 0.00","I","999.9","000000"
"72483999999","2003-10-22","38.683","-121.583","8.0","SACRAMENTO INTERNATIONAL, CA US","  67.2","21","  52.5","21","1015.9","21","999.9"," 0"," 10.0","21","  6.5","21","  9.9","999.9","  89.1"," ","  50.0"," "," 0.00","I","999.9","000000"
"72483999999","2003-10-23","38.683","-121.583","8.0","SACRAMENTO INTERNATIONAL, CA US","  65.2","24","  48.7","24","1016.8","24","999.9"," 0","  9.9","24","  9.4","24"," 22.0"," 27.0","  86.0"," ","  46.9"," "," 0.00","I","999.9","000000"
"72483999999","2003-10-24","38.683","-121.583","8.0","SACRAMENTO INTERNATIONAL, CA US","  67.2","24","  37.9","24","1015.3","24","999.9"," 0"," 10.0","24","  7.8","24"," 18.1"," 22.0","  86.0"," ","  44.1"," "," 0.00","I","999.9","000000"
"72483999999","2003-10-25","38.683","-121.583","8.0","SACRAMENTO INTERNATIONAL, CA US","  65.8","24","  40.2","24","1017.9","24","999.9"," 0"," 10.0","24","  3.5","24","  8.9","999.9","  93.2","*","  48.2","*"," 0.00","I","999.9","000000"
"72483999999","2003-10-26","38.683","-121.583","8.0","SACRAMENTO INTERNATIONAL, CA US","  67.8","24","  39.8","24","1021.1","24","999.9"," 0","  9.9","24","  3.7","24","  8.9","999.9","  93.0"," ","  46.9"," "," 0.00","I","999.9","000000"
"72483999999","2003-10-27","38.683","-121.583","8.0","SACRAMENTO INTERNATIONAL, CA US","  67.9","24","  42.7","24","1019.5","24","999.9"," 0","  9.9","24","  2.5","24","  8.0","999.9","  91.0"," ","  48.0"," "," 0.00","I","999.9","000000"
"72483999999","2003-10-28","38.683","-121.583","8.0","SACRAMENTO INTERNATIONAL, CA US","  66.4","24","  45.0","24","1013.1","24","999.9"," 0","  9.4","24","  2.4","24","  7.0","999.9","  90.0"," ","  48.0"," "," 0.00","I","999.9","000000"
"72483999999","2003-10-29","38.683","-121.583","8.0","SACRAMENTO INTERNATIONAL, CA US","  68.2","22","  48.1","22","1004.7","22","999.9"," 0","  9.2","22","  7.1","22"," 12.0","999.9","  87.1"," ","  48.0"," "," 0.00","I","999.9","000000"
"72483999999","2003-10-30","38.683","-121.583","8.0","SACRAMENTO INTERNATIONAL, CA US","  55.8","24","  35.5","24","1006.4","24","999.9"," 0","  9.3","24","  4.9","24"," 13.0"," 15.0","  71.6","*","  39.2","*"," 0.00","I","999.9","000000"
"72483999999","2003-10-31","38.683","-121.583","8.0","SACRAMENTO INTERNATIONAL, CA US","  49.8","24","  41.0","24","1009.5","22","999.9"," 0","  9.8","24","  7.2","24"," 12.0","999.9","  64.0"," ","  39.9"," "," 0.03","B","999.9","010000"
"72483999999","2003-11-01","38.683","-121.583","8.0","SACRAMENTO INTERNATIONAL, CA US","  46.2","21","  39.5","21","1016.2","20","999.9"," 0","  9.4","21","  4.8","21","  8.0","999.9","  62.1"," ","  34.0"," "," 0.01","B","999.9","000000"
"72483999999","2003-11-02","38.683","-121.583","8.0","SACRAMENTO INTERNATIONAL, CA US","  48.1","24","  36.2","24","1015.6","24","999.9"," 0","  9.1","24","  6.8","24"," 13.0","999.9","  62.1"," ","  34.0"," "," 0.00","I","999.9","000000"
"72483999999","2003-11-03","38.683","-121.583","8.0","SACRAMENTO INTERNATIONAL, CA US","  50.2","24","  43.4","24","1013.7","20","999.9"," 0","  9.5","24","  7.6","24"," 13.0","999.9","  60.1"," ","  37.9"," "," 0.35","G","999.9","010000"
"72483999999","2003-11-04","38.683","-121.583","8.0","SACRAMENTO INTERNATIONAL, CA US","  46.0","20","  38.8","20","1020.2","19","999.9"," 0","  7.7","20","  2.3","20","  5.1","999.9","  59.0"," ","  33.1"," "," 0.01","G","999.9","100000"
"72483999999","2003-11-05","38.683","-121.583","8.0","SACRAMENTO INTERNATIONAL, CA US","  53.1","24","  41.8","24","1019.6","24","999.9"," 0","  9.7","24","  3.5","24","  6.0","999.9","  61.0"," ","  32.0"," "," 0.00","G","999.9","000000"
"72483999999","2003-11-06","38.683","-121.583","8.0","SACRAMENTO INTERNATIONAL, CA US","  47.9","24","  40.3","24","1019.6","24","999.9"," 0","  6.7","24","  2.0","24","  6.0","999.9","  61.0"," ","  37.0"," "," 0.00","A","999.9","000000"
"72483999999","2003-11-07","38.683","-121.583","8.0","SACRAMENTO INTERNATIONAL, CA US","  54.1","24","  49.5","24","1018.0","23","999.9"," 0","  4.2","24","  3.8","24","  8.9","999.9","  63.0"," ","  37.0"," "," 0.18","G","999.9","010000"
"72483999999","2003-11-08","38.683","-121.583","8.0","SACRAMENTO INTERNATIONAL, CA US","  58.0","20","  51.3","20","1015.4","19","999.9"," 0","  4.6","20","  8.1","20"," 21.0"," 25.1","  66.2","*","  50.0","*"," 0.01","G","999.9","100000"
"72483999999","2003-11-09","38.683","-121.583","8.0","SACRAMENTO INTERNATIONAL, CA US","  56.8","24","  52.2","24","1014.5","21","999.9"," 0","  8.8","24","  8.8","24"," 16.9"," 25.1","  66.9"," ","  48.0"," "," 0.66","G","999.9","010000"
"72483999999","2003-11-10","38.683","-121.583","8.0","SACRAMENTO INTERNATIONAL, CA US","  53.0","23","  48.7","23","1019.1","21","999.9"," 0","  9.2","23","  6.5","23"," 14.0","999.9","  64.9"," ","  44.1"," "," 0.00","G","999.9","010000"
"72483999999","2003-11-11","38.683","-121.583","8.0","SACRAMENTO INTERNATIONAL, CA US","  52.0","24","  44.1","24","1021.3","24","999.9"," 0","  9.9","24","  5.2","24","  8.0","999.9","  66.0"," ","  39.9"," "," 0.01","G","999.9","000000"
"72483999999","2003-11-12","38.683","-121.583","8.0","SACRAMENTO INTERNATIONAL, CA US","  52.8","24","  43.5","24","1016.8","24","999.9"," 0","  9.3","24","  3.0","24","  8.9","999.9","  72.0"," ","  39.9"," "," 0.00","G","999.9","000000"
"72483999999","2003-11-13","38.683","-121.583","8.0","SACRAMENTO INTERNATIONAL, CA US","  56.2","24","  47.2","24","1016.1","24","999.9"," 0","  7.1","24","  6.6","24","  9.9","999.9","  72.0"," ","  39.9"," "," 0.00","I","999.9","000000"
"72483999999","2003-11-14","38.683","-121.583","8.0","SACRAMENTO INTERNATIONAL, CA US","  55.0","24","  49.6","24","1018.6","23","999.9"," 0","  4.9","24","  5.9","24"," 15.0"," 19.0","  64.9"," ","  46.0"," "," 0.09","A","999.9","010000"
"72483999999","2003-11-15","38.683","-121.583","8.0","SACRAMENTO INTERNATIONAL, CA US","  52.5","24","  49.4","24","1018.5","23","999.9"," 0","  8.9","24","  9.7","24"," 13.0","999.9","  60.1"," ","  50.0"," "," 0.13","C","999.9","010000"
"72483999999","2003-11-16","38.683","-121.583","8.0","SACRAMENTO INTERNATIONAL, CA US","  48.7","21","  45.5","21","1017.8","20","999.9"," 0","  6.6","21","  3.5","21","  8.9","999.9","  59.0"," ","  37.9"," "," 0.01","B","999.9","100000"
"72483999999","2003-11-17","38.683","-121.583","8.0","SACRAMENTO INTERNATIONAL, CA US","  55.8","24","  50.8","24","1020.6","20","999.9"," 0","  9.5","24","  8.2","24"," 15.0","999.9","  60.8","*","  53.6","*"," 0.00","I","999.9","000000"
"72483999999","2003-11-18","38.683","-121.583","8.0","SACRAMENTO INTERNATIONAL, CA US","  50.6","18","  47.5","18","1023.5","15","999.9"," 0","  8.2","18","  3.1","18","  7.0","999.9","  61.0"," ","  39.9"," "," 0.01","G","999.9","100000"
"72483999999","2003-11-19","38.683","-121.583","8.0","SACRAMENTO INTERNATIONAL, CA US","  54.3","16","  49.5","16","1020.8","15","999.9"," 0","  6.9","16","  2.0","16","  6.0","999.9","  64.9"," ","  37.9"," "," 0.00","G","999.9","100000"
"72483999999","2003-11-20","38.683","-121.583","8.0","SACRAMENTO INTERNATIONAL, CA US","  53.4","23","  50.2","23","1015.9","23","999.9"," 0","  4.6","23","  3.8","23","  8.0","999.9","  64.9"," ","  43.0"," "," 0.01","G","999.9","100000"
"72483999999","2003-11-21","38.683","-121.583","8.0","SACRAMENTO INTERNATIONAL, CA US","  49.8","24","  38.8","24","1016.5","24","999.9"," 0","  8.1","24","  5.7","24"," 11.1"," 14.0","  60.1"," ","  39.9"," "," 0.00","G","999.9","000000"
"72483999999","2003-11-22","38.683","-121.583","8.0","SACRAMENTO INTERNATIONAL, CA US","  45.0","24","  28.5","24","1020.8","24","999.9"," 0","  9.6","24"," 12.0","24"," 22.9"," 26.0","  57.9"," ","  37.0"," "," 0.00","A","999.9","000000"
"72483999999","2003-11-23","38.683","-121.583","8.0","SACRAMENTO INTERNATIONAL, CA US","  42.3","23","  26.0","23","1024.0","23","999.9"," 0","  9.8","23","  6.1","23"," 16.9","999.9","  55.9"," ","  27.0"," "," 0.00","A","999.9","000000"
"72483999999","2003-11-24","38.683","-121.583","8.0","SACRAMENTO INTERNATIONAL, CA US","  42.6","24","  32.0","24","1020.7","24","999.9"," 0","  9.2","24","  3.4","24","  8.9","999.9","  57.2","*","  30.2","*"," 0.00","I","999.9","000000"
"72483999999","2003-11-25","38.683","-121.583","8.0","SACRAMENTO INTERNATIONAL, CA US","  41.5","24","  32.6","24","1015.8","24","999.9"," 0","  8.2","24","  1.9","24","  6.0","999.9","  57.0"," ","  30.0"," "," 0.00","I","999.9","100000"
"72483999999","2003-11-26","38.683","-121.583","8.0","SACRAMENTO INTERNATIONAL, CA US","  45.6","23","  36.5","23","1018.5","23","999.9"," 0","  9.0","23","  4.6","23"," 12.0","999.9","  60.8","*","  33.8","*"," 0.00","I","999.9","000000"
"72483999999","2003-11-27","38.683","-121.583","8.0","SACRAMENTO INTERNATIONAL, CA US","  43.5","23","  36.2","23","1024.7","23","999.9"," 0","  8.0","23","  4.7","23"," 11.1","999.9","  60.1"," ","  28.0"," "," 0.00","I","999.9","100000"
"72483999999","2003-11-28","38.683","-121.583","8.0","SACRAMENTO INTERNATIONAL, CA US","  47.5","24","  41.2","24","1025.7","24","999.9"," 0","  6.7","24","  4.9","24","  8.0","999.9","  55.0"," ","  28.0"," "," 0.03","B","999.9","010000"
"72483999999","2003-11-29","38.683","-121.583","8.0","SACRAMENTO INTERNATIONAL, CA US","  49.8","24","  46.3","24","1019.6","24","999.9"," 0","  7.7","24","  8.5","24"," 14.0","999.9","  55.4","*","  46.4","*"," 0.02","B","999.9","010000"
"72483999999","2003-11-30","38.683","-121.583","8.0","SACRAMENTO INTERNATIONAL, CA US","  50.7","24","  47.8","24","1016.2","23","999.9"," 0","  7.6","24","  5.0","24","  9.9","999.9","  55.4","*","  48.2","*"," 0.03","B","999.9","010000"
"72483999999","2003-12-01","38.683","-121.583","8.0","SACRAMENTO INTERNATIONAL, CA US","  51.7","23","  49.1","23","1017.0","19","999.9"," 0","  3.7","23","  3.8","23","  8.0","999.9","  55.4","*","  48.2","*"," 0.20","G","999.9","010000"
"72483999999","2003-12-02","38.683","-121.583","8.0","SACRAMENTO INTERNATIONAL, CA US","  54.3","18","  52.5","18","1024.0","13","999.9"," 0","  5.0","18","  3.3","18","  8.0","999.9","  60.8","*","  51.8","*"," 0.35","G","999.9","010000"
"72483999999","2003-12-03","38.683","-121.583","8.0","SACRAMENTO INTERNATIONAL, CA US","  55.0","15","  52.3","15","1022.7","13","999.9"," 0","  5.2","15","  5.1","15","  8.9","999.9","  63.0"," ","  48.9"," "," 0.02","G","999.9","000000"
"72483999999","2003-12-04","38.683","-121.583","8.0","SACRAMENTO INTERNATIONAL, CA US","  50.8","24","  48.5","24","1018.7","23","999.9"," 0","  4.4","24","  3.8","24","  8.0","999.9","  63.0"," ","  45.0"," "," 0.01","G","999.9","110000"
"72483999999","2003-12-05","38.683","-121.583","8.0","SACRAMENTO INTERNATIONAL, CA US","  53.4","24","  50.5","24","1017.7","18","999.9"," 0","  2.8","24","  5.6","24","  9.9","999.9","  61.0"," ","  45.0"," "," 0.07","G","999.9","010000"
"72483999999","2003-12-06","38.683","-121.583","8.0","SACRAMENTO INTERNATIONAL, CA US","  57.1","24","  52.5","24","1013.8","24","999.9"," 0","  5.2","24","  8.9","24"," 15.9","999.9","  61.0"," ","  50.0"," "," 0.07","G","999.9","010000"
"72483999999","2003-12-07","38.683","-121.583","8.0","SACRAMENTO INTERNATIONAL, CA US","  56.2","24","  49.5","24","1013.3","24","999.9"," 0","  9.0","24","  9.7","24"," 14.0","999.9","  62.1"," ","  50.0"," "," 0.32","G","999.9","010000"
"72483999999","2003-12-08","38.683","-121.583","8.0","SACRAMENTO INTERNATIONAL, CA US","  46.3","24","  39.1","24","1020.5","24","999.9"," 0"," 10.0","24","  7.0","24"," 12.0","999.9","  62.1"," ","  36.0"," "," 0.00","G","999.9","000000"
"72483999999","2003-12-09","38.683","-121.583","8.0","SACRAMENTO INTERNATIONAL, CA US","  44.0","24","  40.3","24","1019.2","24","999.9"," 0","  8.0","24","  4.0","24","  9.9","999.9","  55.9"," ","  36.0"," "," 0.01","A","999.9","010000"
"72483999999","2003-12-10","38.683","-121.583","8.0","SACRAMENTO INTERNATIONAL, CA US","  51.4","24","  47.0","24","1013.3","23","999.9"," 0","  7.8","24"," 12.5","24"," 22.0"," 35.9","  59.0"," ","  39.9"," "," 0.24","G","999.9","010000"
"72483999999","2003-12-11","38.683","-121.583","8.0","SACRAMENTO INTERNATIONAL, CA US","  49.7","23","  44.4","23","1016.1","22","999.9"," 0","  9.8","23","  7.6","23"," 11.1","999.9","  53.6","*","  44.6","*"," 0.23","G","999.9","010000"
"72483999999","2003-12-12","38.683","-121.583","8.0","SACRAMENTO INTERNATIONAL, CA US","  45.6","24","  41.4","24","1022.2","23","999.9"," 0","  9.9","24","  5.3","24","  9.9","999.9","  51.8","*","  39.2","*"," 0.00","G","999.9","010000"
"72483999999","2003-12-13","38.683","-121.583","8.0","SACRAMENTO INTERNATIONAL, CA US","  50.6","24","  46.0","24","1022.7","23","999.9"," 0","  7.8","24"," 11.8","24"," 15.9","999.9","  60.8","*","  48.2","*"," 0.11","G","999.9","010000"
"72483999999","2003-12-14","38.683","-121.583","8.0","SACRAMENTO INTERNATIONAL, CA US","  52.9","24","  44.7","24","1016.3","22","999.9"," 0","  9.5","24","  9.6","24"," 22.9"," 28.0","  60.1"," ","  44.1"," "," 0.37","G","999.9","010000"
"72483999999","2003-12-15","38.683","-121.583","8.0","SACRAMENTO INTERNATIONAL, CA US","  44.0","24","  37.9","24","1025.1","24","999.9"," 0","  9.9","24","  4.8","24","  8.9","999.9","  57.0"," ","  36.0"," "," 0.10","G","999.9","000000"
"72483999999","2003-12-16","38.683","-121.583","8.0","SACRAMENTO INTERNATIONAL, CA US","  43.3","23","  38.9","23","1028.6","21","999.9"," 0","  8.2","23","  3.3","23","  8.9","999.9","  51.8","*","  33.8","*"," 0.00","G","999.9","100000"
"72483999999","2003-12-17","38.683","-121.583","8.0","SACRAMENTO INTERNATIONAL, CA US","  43.4","24","  38.2","24","1025.8","24","999.9"," 0"," 10.0","24","  4.6","24","  8.9","999.9","  55.0"," ","  34.0"," "," 0.00","I","999.9","000000"
"72483999999","2003-12-18","38.683","-121.583","8.0","SACRAMENTO INTERNATIONAL, CA US","  44.2","22","  39.0","22","1022.3","22","999.9"," 0","  9.1","22","  3.5","22","  7.0","999.9","  57.2","*","  37.4","*"," 0.00","I","999.9","100000"
"72483999999","2003-12-19","38.683","-121.583","8.0","SACRAMENTO INTERNATIONAL, CA US","  45.6","24","  42.9","24","1017.9","24","999.9"," 0","  7.6","24","  3.4","24","  8.9","999.9","  59.0"," ","  37.0"," "," 0.00","I","999.9","000000"
"72483999999","2003-12-20","38.683","-121.583","8.0","SACRAMENTO INTERNATIONAL, CA US","  48.6","22","  47.4","22","1017.0","19","999.9"," 0","  3.0","22","  5.4","22"," 12.0"," 22.0","  54.0"," ","  37.9"," "," 0.25","G","999.9","010000"
"72483999999","2003-12-21","38.683","-121.583","8.0","SACRAMENTO INTERNATIONAL, CA US","  50.0","20","  48.7","20","1019.7","17","999.9"," 0","  6.5","20","  5.0","20","  8.9","999.9","  59.0","*","  46.4","*"," 0.33","G","999.9","010000"
"72483999999","2003-12-22","38.683","-121.583","8.0","SACRAMENTO INTERNATIONAL, CA US","  48.4","16","  47.1","16","1021.5","13","999.9"," 0","  6.5","16","  3.8","16","  8.0","999.9","  59.0"," ","  39.0"," "," 0.01","G","999.9","100000"
"72483999999","2003-12-23","38.683","-121.583","8.0","SACRAMENTO INTERNATIONAL, CA US","  51.3","11","  47.9","11","1011.5"," 8","999.9"," 0","  5.6","11","  9.2","11"," 15.0","999.9","  55.4","*","  46.4","*"," 0.03","G","999.9","010000"
"72483999999","2003-12-24","38.683","-121.583","8.0","SACRAMENTO INTERNATIONAL, CA US","  54.0","24","  49.7","24","1009.0","21","999.9"," 0","  8.7","24"," 16.5","24"," 26.0"," 32.1","  55.4","*","  53.6","*"," 0.39","G","999.9","010000"
"72483999999","2003-12-25","38.683","-121.583","8.0","SACRAMENTO INTERNATIONAL, CA US","  50.0","20","  46.7","20","1012.2","20","999.9"," 0"," 10.0","20","  8.1","20"," 14.0","999.9","  53.6","*","  46.4","*"," 0.36","G","999.9","000000"
"72483999999","2003-12-26","38.683","-121.583","8.0","SACRAMENTO INTERNATIONAL, CA US","  42.2","20","  33.3","20","1018.5","20","999.9"," 0"," 10.0","20","  3.8","20","  8.0","999.9","  53.1"," ","  33.1"," "," 0.00","G","999.9","000000"
"72483999999","2003-12-27","38.683","-121.583","8.0","SACRAMENTO INTERNATIONAL, CA US","  38.5","24","  32.8","24","1028.6","23","999.9"," 0","  9.0","24","  2.0","24","  6.0","999.9","  51.1"," ","  28.9"," "," 0.00","I","999.9","000000"
"72483999999","2003-12-28","38.683","-121.583","8.0","SACRAMENTO INTERNATIONAL, CA US","  37.6","23","  34.2","23","1031.5","21","999.9"," 0","  8.3","23","  2.1","23","  5.1","999.9","  50.0"," ","  28.9"," "," 0.00","I","999.9","000000"
"72483999999","2003-12-29","38.683","-121.583","8.0","SACRAMENTO INTERNATIONAL, CA US","  44.9","24","  38.3","24","1015.3","24","999.9"," 0","  8.5","24"," 21.2","24"," 37.9"," 48.0","  46.4","*","  42.8","*"," 0.01","G","999.9","010000"
"72483999999","2003-12-30","38.683","-121.583","8.0","SACRAMENTO INTERNATIONAL, CA US","  47.3","23","  43.7","23","1011.0","22","999.9"," 0","  9.7","23"," 13.3","23"," 28.9"," 35.0","  53.6","*","  44.6","*"," 1.28","G","999.9","010000"
"72483999999","2003-12-31","38.683","-121.583","8.0","SACRAMENTO INTERNATIONAL, CA US","  47.1","24","  44.1","24","1014.8","24","999.9"," 0","  9.8","24","  5.3","24"," 12.0","999.9","  54.0"," ","  42.1"," "," 0.00","G","999.9","000000"
